team,season,pos,g,gs,inn,po,a,drs,arm,dpr,rngR,errR,uzr,uzr150,def
angels,1998,LF,2058,1782,15884.0,5328,1456,NA,NA,NA,NA,NA,NA,NA,NA
astros,1998,CF,2039,1782,16184.2,5275,1617,NA,NA,NA,NA,NA,NA,NA,NA
athletics,1998,2B,2136,1782,15774.0,5348,1467,NA,NA,NA,NA,NA,NA,NA,NA
blue_jays,1998,C,2052,1791,16097.0,5374,1416,NA,NA,NA,NA,NA,NA,NA,NA
braves,1998,CF,2127,1782,15825.1,5236,1501,NA,NA,NA,NA,NA,NA,NA,NA
brewers,1998,SS,2198,1782,15961.0,5259,1604,NA,NA,NA,NA,NA,NA,NA,NA
cardinals,1998,SS,2256,1793,16166.1,5359,1601,NA,NA,NA,NA,NA,NA,NA,NA
cubs,1998,SS,2309,1793,16250.2,5425,1478,NA,NA,NA,NA,NA,NA,NA,NA
diamondbacks,1998,C,2107,1782,15755.2,5309,1530,NA,NA,NA,NA,NA,NA,NA,NA
dodgers,1998,OF,2192,1782,15920.2,5147,1530,NA,NA,NA,NA,NA,NA,NA,NA
giants,1998,C,2183,1793,16247.0,5328,1597,NA,NA,NA,NA,NA,NA,NA,NA
indians,1998,OF,2001,1782,16060.0,5343,1546,NA,NA,NA,NA,NA,NA,NA,NA
mariners,1998,1B,2145,1771,15667.2,5224,1411,NA,NA,NA,NA,NA,NA,NA,NA
marlins,1998,2B,2049,1782,15946.1,5338,1588,NA,NA,NA,NA,NA,NA,NA,NA
mets,1998,C,2266,1782,16038.0,5224,1465,NA,NA,NA,NA,NA,NA,NA,NA
nationals,1998,NA,NA,NA,NA,NA,NA,NA,NA,NA,NA,NA,NA,NA,NA
orioles,1998,1B,2113,1782,15744.2,5134,1566,NA,NA,NA,NA,NA,NA,NA,NA
padres,1998,CF,2195,1782,16001.0,5210,1571,NA,NA,NA,NA,NA,NA,NA,NA
phillies,1998,2B,2019,1782,16093.0,5244,1630,NA,NA,NA,NA,NA,NA,NA,NA
pirates,1998,CF,2065,1793,15939.0,5307,1557,NA,NA,NA,NA,NA,NA,NA,NA
rangers,1998,SS,2023,1782,15744.2,5323,1474,NA,NA,NA,NA,NA,NA,NA,NA
rays,1998,NA,NA,NA,NA,NA,NA,NA,NA,NA,NA,NA,NA,NA,NA
red_sox,1998,CF,2026,1782,15796.0,5289,1464,NA,NA,NA,NA,NA,NA,NA,NA
reds,1998,C,2286,1782,15854.2,5282,1407,NA,NA,NA,NA,NA,NA,NA,NA
rockies,1998,1B,2178,1782,15759.1,5191,1644,NA,NA,NA,NA,NA,NA,NA,NA
royals,1998,CF,2048,1771,15799.2,5290,1517,NA,NA,NA,NA,NA,NA,NA,NA
tigers,1998,CF,1973,1782,15909.2,5312,1660,NA,NA,NA,NA,NA,NA,NA,NA
twins,1998,LF,2020,1782,15924.1,5434,1430,NA,NA,NA,NA,NA,NA,NA,NA
white_sox,1998,2B,2042,1793,15825.1,5374,1529,NA,NA,NA,NA,NA,NA,NA,NA
yankees,1998,C,2004,1782,16023.1,5327,1471,NA,NA,NA,NA,NA,NA,NA,NA
angels,1999,CF,1976,1782,15744.2,5390,1528,NA,NA,NA,NA,NA,NA,NA,NA
astros,1999,3B,2207,1780,16045.1,5223,1595,NA,NA,NA,NA,NA,NA,NA,NA
athletics,1999,1B,2278,1782,15821.2,5309,1519,NA,NA,NA,NA,NA,NA,NA,NA
blue_jays,1999,SS,1900,1782,15829.0,5365,1537,NA,NA,NA,NA,NA,NA,NA,NA
braves,1999,1B,2180,1782,16181.0,5431,1446,NA,NA,NA,NA,NA,NA,NA,NA
brewers,1999,SS,2115,1771,15869.1,5348,1503,NA,NA,NA,NA,NA,NA,NA,NA
cardinals,1999,2B,2250,1771,15898.2,5346,1472,NA,NA,NA,NA,NA,NA,NA,NA
cubs,1999,C,2204,1782,15737.1,5343,1475,NA,NA,NA,NA,NA,NA,NA,NA
diamondbacks,1999,C,2035,1782,16140.2,5411,1404,NA,NA,NA,NA,NA,NA,NA,NA
dodgers,1999,2B,2075,1782,15983.0,5246,1530,NA,NA,NA,NA,NA,NA,NA,NA
giants,1999,C,2128,1782,16019.2,5352,1455,NA,NA,NA,NA,NA,NA,NA,NA
indians,1999,2B,2042,1782,15953.2,5229,1561,NA,NA,NA,NA,NA,NA,NA,NA
mariners,1999,1B,2179,1782,15770.1,5301,1529,NA,NA,NA,NA,NA,NA,NA,NA
marlins,1999,C,2139,1782,15792.1,5358,1533,NA,NA,NA,NA,NA,NA,NA,NA
mets,1999,2B,2340,1793,16023.1,5256,1450,NA,NA,NA,NA,NA,NA,NA,NA
nationals,1999,NA,NA,NA,NA,NA,NA,NA,NA,NA,NA,NA,NA,NA,NA
orioles,1999,3B,2017,1782,15785.0,5192,1604,NA,NA,NA,NA,NA,NA,NA,NA
padres,1999,CF,2298,1782,15623.2,5204,1488,NA,NA,NA,NA,NA,NA,NA,NA
phillies,1999,2B,2094,1782,15821.2,5305,1474,NA,NA,NA,NA,NA,NA,NA,NA
pirates,1999,OF,2091,1771,15766.2,5177,1568,NA,NA,NA,NA,NA,NA,NA,NA
rangers,1999,SS,1927,1782,15799.2,5255,1567,NA,NA,NA,NA,NA,NA,NA,NA
rays,1999,NA,NA,NA,NA,NA,NA,NA,NA,NA,NA,NA,NA,NA,NA
red_sox,1999,1B,1940,1782,15803.1,5257,1397,NA,NA,NA,NA,NA,NA,NA,NA
reds,1999,2B,2236,1793,16082.0,5465,1414,NA,NA,NA,NA,NA,NA,NA,NA
rockies,1999,C,2094,1782,15719.0,5199,1592,NA,NA,NA,NA,NA,NA,NA,NA
royals,1999,CF,1917,1771,15627.1,5315,1614,NA,NA,NA,NA,NA,NA,NA,NA
tigers,1999,1B,2027,1771,15631.0,5253,1474,NA,NA,NA,NA,NA,NA,NA,NA
twins,1999,LF,2204,1771,15656.2,5296,1486,NA,NA,NA,NA,NA,NA,NA,NA
white_sox,1999,C,2067,1780,15821.2,5440,1427,NA,NA,NA,NA,NA,NA,NA,NA
yankees,1999,C,1968,1782,15836.1,5265,1411,NA,NA,NA,NA,NA,NA,NA,NA
angels,2000,1B,2016,1782,15928.0,5502,1590,NA,NA,NA,NA,NA,NA,NA,NA
astros,2000,LF,2211,1779,15814.1,5300,1418,NA,NA,NA,NA,NA,NA,NA,NA
athletics,2000,2B,2189,1771,15788.2,5247,1557,NA,NA,NA,NA,NA,NA,NA,NA
blue_jays,2000,1B,1884,1782,15810.2,5334,1553,NA,NA,NA,NA,NA,NA,NA,NA
braves,2000,2B,2054,1782,15843.2,5291,1540,NA,NA,NA,NA,NA,NA,NA,NA
brewers,2000,C,2006,1793,16129.2,5375,1592,NA,NA,NA,NA,NA,NA,NA,NA
cardinals,2000,1B,2238,1775,15770.1,5290,1386,NA,NA,NA,NA,NA,NA,NA,NA
cubs,2000,2B,2145,1782,16001.1,5328,1428,NA,NA,NA,NA,NA,NA,NA,NA
diamondbacks,2000,C,2056,1782,15880.1,5318,1370,NA,NA,NA,NA,NA,NA,NA,NA
dodgers,2000,LF,2083,1782,15895.0,5155,1515,NA,NA,NA,NA,NA,NA,NA,NA
giants,2000,C,2330,1782,15887.2,5366,1442,NA,NA,NA,NA,NA,NA,NA,NA
indians,2000,1B,2063,1782,15865.2,5211,1512,NA,NA,NA,NA,NA,NA,NA,NA
mariners,2000,LF,2218,1782,15858.1,5359,1469,NA,NA,NA,NA,NA,NA,NA,NA
marlins,2000,CF,2112,1771,15726.1,5233,1543,NA,NA,NA,NA,NA,NA,NA,NA
mets,2000,SS,2383,1782,15950.0,5276,1413,NA,NA,NA,NA,NA,NA,NA,NA
nationals,2000,NA,NA,NA,NA,NA,NA,NA,NA,NA,NA,NA,NA,NA,NA
orioles,2000,LF,1963,1782,15766.2,5380,1447,NA,NA,NA,NA,NA,NA,NA,NA
padres,2000,2B,2187,1782,16052.2,5335,1529,NA,NA,NA,NA,NA,NA,NA,NA
phillies,2000,2B,1997,1782,15825.1,5355,1362,NA,NA,NA,NA,NA,NA,NA,NA
pirates,2000,CF,2081,1784,15939.0,5225,1649,NA,NA,NA,NA,NA,NA,NA,NA
rangers,2000,1B,2089,1782,15719.0,5385,1442,NA,NA,NA,NA,NA,NA,NA,NA
rays,2000,NA,NA,NA,NA,NA,NA,NA,NA,NA,NA,NA,NA,NA,NA
red_sox,2000,1B,2108,1780,15979.1,5268,1514,NA,NA,NA,NA,NA,NA,NA,NA
reds,2000,2B,2278,1793,16019.2,5395,1487,NA,NA,NA,NA,NA,NA,NA,NA
rockies,2000,LF,2093,1782,15730.0,5187,1584,NA,NA,NA,NA,NA,NA,NA,NA
royals,2000,C,1964,1782,15832.2,5317,1650,NA,NA,NA,NA,NA,NA,NA,NA
tigers,2000,1B,2163,1781,15876.2,5331,1600,NA,NA,NA,NA,NA,NA,NA,NA
twins,2000,C,2073,1782,15759.1,5351,1397,NA,NA,NA,NA,NA,NA,NA,NA
white_sox,2000,C,2037,1782,15953.2,5342,1561,NA,NA,NA,NA,NA,NA,NA,NA
yankees,2000,2B,2123,1771,15667.2,5318,1305,NA,NA,NA,NA,NA,NA,NA,NA
angels,2001,CF,2018,1782,15814.1,5336,1522,NA,NA,NA,NA,NA,NA,NA,NA
astros,2001,3B,2177,1782,16001.1,5244,1499,NA,NA,NA,NA,NA,NA,NA,NA
athletics,2001,CF,1986,1782,16096.2,5250,1562,NA,NA,NA,NA,NA,NA,NA,NA
blue_jays,2001,1B,1992,1782,16089.1,5273,1680,NA,NA,NA,NA,NA,NA,NA,NA
braves,2001,1B,2033,1781,15920.2,5357,1463,NA,NA,NA,NA,NA,NA,NA,NA
brewers,2001,C,2020,1780,15799.2,5208,1560,NA,NA,NA,NA,NA,NA,NA,NA
cardinals,2001,1B,2190,1781,15788.2,5227,1523,NA,NA,NA,NA,NA,NA,NA,NA
cubs,2001,CF,2296,1782,15807.0,5220,1331,NA,NA,NA,NA,NA,NA,NA,NA
diamondbacks,2001,C,2076,1782,16056.1,5332,1389,NA,NA,NA,NA,NA,NA,NA,NA
dodgers,2001,LF,2046,1782,15957.1,5191,1421,NA,NA,NA,NA,NA,NA,NA,NA
giants,2001,C,2225,1782,16096.2,5452,1460,NA,NA,NA,NA,NA,NA,NA,NA
indians,2001,CF,2176,1778,15913.1,5268,1453,NA,NA,NA,NA,NA,NA,NA,NA
mariners,2001,C,2219,1782,16115.0,5463,1401,NA,NA,NA,NA,NA,NA,NA,NA
marlins,2001,1B,2011,1782,15818.0,5212,1500,NA,NA,NA,NA,NA,NA,NA,NA
mets,2001,CF,2201,1781,15902.1,5295,1452,NA,NA,NA,NA,NA,NA,NA,NA
nationals,2001,NA,NA,NA,NA,NA,NA,NA,NA,NA,NA,NA,NA,NA,NA
orioles,2001,3B,1991,1780,15755.2,5361,1474,NA,NA,NA,NA,NA,NA,NA,NA
padres,2001,1B,2168,1782,15847.1,5316,1421,NA,NA,NA,NA,NA,NA,NA,NA
phillies,2001,CF,1911,1782,15898.2,5312,1479,NA,NA,NA,NA,NA,NA,NA,NA
pirates,2001,CF,2200,1779,15579.2,5191,1611,NA,NA,NA,NA,NA,NA,NA,NA
rangers,2001,C,2018,1781,15821.2,5358,1484,NA,NA,NA,NA,NA,NA,NA,NA
rays,2001,NA,NA,NA,NA,NA,NA,NA,NA,NA,NA,NA,NA,NA,NA
red_sox,2001,1B,1997,1771,15928.0,5165,1410,NA,NA,NA,NA,NA,NA,NA,NA
reds,2001,3B,2198,1782,15869.1,5330,1537,NA,NA,NA,NA,NA,NA,NA,NA
rockies,2001,1B,2099,1782,15730.0,5208,1531,NA,NA,NA,NA,NA,NA,NA,NA
royals,2001,SS,1981,1784,15840.0,5274,1674,NA,NA,NA,NA,NA,NA,NA,NA
tigers,2001,1B,2032,1780,15722.2,5280,1609,NA,NA,NA,NA,NA,NA,NA,NA
twins,2001,LF,1991,1782,15854.2,5467,1396,NA,NA,NA,NA,NA,NA,NA,NA
white_sox,2001,CF,2119,1782,15766.2,5300,1549,NA,NA,NA,NA,NA,NA,NA,NA
yankees,2001,OF,2022,1769,15964.2,5257,1338,NA,NA,NA,NA,NA,NA,NA,NA
angels,2002,SS,2108,1782,15975.2,5475,1443,0,0.9,-1.7,46.5,9.1,54.8,4.9,54.8
astros,2002,C,2223,1782,15895.0,5161,1469,0,15.7,1.1,-37.8,10.4,-10.8,-0.1,-10.8
athletics,2002,2B,2144,1782,15972.0,5207,1586,0,-23.6,-1.9,-32.4,-0.7,-58.7,-7.5,-58.7
blue_jays,2002,1B,1925,1782,15821.2,5309,1455,0,9.5,1.8,-5.5,3.0,8.9,1.5,8.9
braves,2002,C,2010,1771,16140.2,5358,1596,0,1.1,-0.7,38.2,1.4,39.9,3.7,39.9
brewers,2002,C,2091,1782,15755.2,5276,1450,0,-1.4,-5.0,9.0,5.5,8.1,0.0,8.1
cardinals,2002,3B,2246,1782,15909.2,5353,1507,0,23.1,8.4,28.1,6.6,66.2,8.6,66.2
cubs,2002,CF,2126,1782,15854.2,5233,1339,0,-21.6,4.1,11.5,-5.4,-11.4,-1.7,-11.4
diamondbacks,2002,1B,2086,1782,15913.1,5272,1334,0,-10.3,-4.8,11.5,4.7,1.1,-1.6,1.1
dodgers,2002,2B,2095,1782,16034.1,5294,1481,0,-9.5,7.1,18.4,12.5,28.4,3.6,28.4
giants,2002,CF,2120,1782,15810.2,5373,1439,0,-6.5,4.2,51.5,4.6,53.9,4.9,53.9
indians,2002,LF,2029,1782,15671.1,5240,1508,0,-17.3,-0.3,-15.6,0.6,-32.7,-4.0,-32.7
mariners,2002,1B,2139,1782,15898.2,5410,1322,0,-21.1,-1.8,62.0,5.3,44.4,2.3,44.4
marlins,2002,CF,2055,1782,16019.2,5307,1485,0,1.7,1.5,-43.5,0.0,-40.2,-3.3,-40.2
mets,2002,OF,2169,1771,15869.1,5321,1437,0,6.3,2.4,40.5,-18.2,30.9,3.7,30.9
nationals,2002,NA,NA,NA,NA,NA,NA,NA,NA,NA,NA,NA,NA,NA,NA
orioles,2002,3B,1985,1782,15957.1,5328,1563,0,0.6,-1.3,25.5,18.4,43.2,3.9,43.2
padres,2002,1B,2250,1782,15799.2,5215,1529,0,10.0,0.2,-29.0,-7.7,-26.5,-1.9,-26.5
phillies,2002,1B,1993,1771,15946.1,5216,1531,0,-6.1,-6.6,-20.4,13.8,-19.3,-2.9,-19.3
pirates,2002,1B,2185,1771,15539.1,5060,1697,0,15.7,8.2,-20.9,-1.3,1.7,2.3,1.7
rangers,2002,CF,2191,1782,15836.1,5266,1521,0,-5.9,-3.5,-15.8,2.6,-22.5,-2.7,-22.5
rays,2002,NA,NA,NA,NA,NA,NA,NA,NA,NA,NA,NA,NA,NA,NA
red_sox,2002,2B,1990,1782,15906.0,5213,1532,0,-29.0,-1.2,4.5,0.5,-25.2,-4.6,-25.2
reds,2002,LF,2146,1782,15990.1,5330,1590,0,18.8,-2.6,4.7,-1.4,19.4,2.5,19.4
rockies,2002,C,2096,1782,15693.1,5225,1521,0,8.7,-1.3,19.2,-6.2,20.5,2.1,20.5
royals,2002,2B,2000,1782,15851.0,5275,1569,0,6.3,1.7,-19.8,-5.4,-17.2,-0.9,-17.2
tigers,2002,CF,1908,1771,15554.0,5320,1585,0,16.9,0.4,-92.6,-18.0,-93.3,-7.1,-93.3
twins,2002,1B,2054,1771,15891.1,5460,1289,0,19.1,-3.0,61.0,10.2,87.3,9.0,87.3
white_sox,2002,C,1997,1782,15653.0,5274,1426,0,-21.8,-0.2,-4.8,-1.6,-28.5,-4.1,-28.5
yankees,2002,3B,1998,1771,15972.0,5306,1332,0,-19.7,-0.5,-36.5,-15.2,-71.9,-8.3,-71.9
angels,2003,3B,2174,1782,15744.2,5402,1395,33,15.4,0.3,70.0,0.6,86.2,9.0,89.2
astros,2003,C,2024,1782,15950.0,5215,1552,90,41.4,-2.5,17.4,-0.8,55.5,8.3,59.5
athletics,2003,CF,2083,1782,15858.1,5162,1554,-6,-22.9,-5.1,-33.5,7.8,-53.8,-8.0,-51.8
blue_jays,2003,2B,2017,1782,15785.0,5159,1567,-69,-28.9,-5.9,-71.1,-1.0,-106.9,-12.8,-114.9
braves,2003,C,2070,1782,16019.2,5258,1653,42,10.3,0.4,15.1,-12.8,13.0,1.8,12.0
brewers,2003,3B,1985,1782,15972.0,5351,1452,-85,11.3,-4.2,-85.3,-10.6,-88.8,-7.7,-86.8
cardinals,2003,CF,2384,1782,16100.1,5452,1492,-10,-3.3,0.5,15.5,6.7,19.4,1.5,18.4
cubs,2003,C,2074,1782,16019.2,5113,1503,-37,-19.9,8.9,32.3,-1.6,19.7,2.1,23.7
diamondbacks,2003,C,2054,1782,16005.0,5150,1513,-50,-19.9,-6.0,-41.9,1.8,-66.0,-8.9,-64.0
dodgers,2003,1B,2149,1782,16034.1,5113,1593,67,-8.5,3.6,44.5,2.1,41.7,4.2,53.7
giants,2003,2B,2050,1771,15810.2,5324,1519,55,17.2,5.4,51.9,8.9,83.4,9.7,79.4
indians,2003,2B,1957,1782,16052.2,5393,1620,35,0.0,3.0,47.0,-5.2,44.9,4.5,46.9
mariners,2003,1B,1942,1782,15851.0,5463,1316,67,-0.8,4.5,108.4,13.5,125.6,12.2,127.6
marlins,2003,CF,1944,1782,15898.2,5329,1446,-12,-11.8,6.7,-6.4,13.0,1.6,0.3,-0.4
mets,2003,1B,2327,1771,15546.2,5302,1451,-46,3.6,-0.7,-21.1,-7.3,-25.4,-2.1,-26.4
nationals,2003,NA,NA,NA,NA,NA,NA,NA,NA,NA,NA,NA,NA,NA,NA
orioles,2003,1B,1913,1793,15946.1,5390,1532,-4,-7.9,2.8,-10.9,2.7,-13.4,-1.5,-17.4
padres,2003,CF,2097,1782,15744.2,5204,1464,26,17.0,-2.2,53.6,-2.3,66.1,6.8,58.1
phillies,2003,C,1964,1782,15880.1,5208,1507,28,11.4,5.0,13.7,13.6,43.6,5.8,35.6
pirates,2003,CF,2141,1782,15887.2,5308,1664,-33,-17.7,2.8,-6.6,-1.0,-22.5,-2.5,-26.5
rangers,2003,C,2144,1782,15766.2,5269,1538,51,-8.3,0.0,-33.2,9.8,-31.7,-3.3,-30.7
rays,2003,NA,NA,NA,NA,NA,NA,NA,NA,NA,NA,NA,NA,NA,NA
red_sox,2003,CF,2078,1782,16111.1,5301,1522,-35,0.7,-5.7,-46.0,-4.6,-55.7,-6.0,-55.7
reds,2003,CF,2096,1782,15909.2,5393,1557,5,10.3,-3.2,-5.7,-12.5,-11.1,-0.7,-12.1
rockies,2003,2B,2046,1782,15620.0,5146,1603,19,29.6,1.4,-24.4,1.6,8.1,2.1,11.1
royals,2003,2B,2022,1782,15825.1,5339,1568,-66,4.9,2.6,-80.2,-0.2,-72.9,-5.7,-70.9
tigers,2003,1B,1986,1782,15825.1,5383,1626,-56,-45.1,3.7,-3.3,-23.7,-68.3,-7.8,-69.3
twins,2003,SS,2034,1782,16078.1,5497,1318,15,-4.6,-7.7,47.1,10.0,44.7,2.0,42.7
white_sox,2003,1B,2162,1782,15741.0,5260,1439,30,-5.6,3.7,34.1,0.9,33.0,3.2,35.0
yankees,2003,3B,1961,1793,16082.0,5393,1407,-60,-13.1,-2.8,-72.0,-6.4,-94.3,-10.1,-91.3
angels,2004,2B,2137,1782,15997.2,5400,1383,-25,20.3,-4.7,-17.8,-1.2,-3.6,0.3,1.4
astros,2004,CF,2114,1782,15873.0,5133,1450,33,8.1,1.4,-0.7,-5.6,3.2,1.1,0.2
athletics,2004,C,1999,1782,16184.2,5347,1605,-14,3.5,1.2,-5.0,5.7,5.3,0.9,6.3
blue_jays,2004,C,1927,1771,15631.0,5202,1520,81,16.6,0.1,34.9,12.9,64.5,7.0,70.5
braves,2004,1B,2053,1782,15950.0,5316,1620,77,31.9,-2.9,57.3,-1.8,84.4,9.1,82.4
brewers,2004,3B,1968,1771,15862.0,5306,1461,-21,-27.5,-1.3,63.4,-11.1,23.6,0.2,19.6
cardinals,2004,2B,2268,1782,15990.1,5177,1615,22,14.5,-4.5,-2.7,3.6,10.9,1.5,13.9
cubs,2004,SS,2025,1782,16118.2,5234,1393,-11,6.1,-1.5,75.3,4.7,84.6,8.7,80.6
diamondbacks,2004,CF,1998,1782,15796.0,5172,1538,-6,-18.1,-5.6,-2.2,-19.7,-45.6,-6.0,-43.6
dodgers,2004,CF,2045,1782,15986.2,5338,1471,76,1.7,6.4,49.3,13.3,70.6,7.7,69.6
giants,2004,2B,2116,1782,16027.0,5340,1554,-81,-20.5,-5.9,-0.2,0.9,-25.7,-4.2,-29.7
indians,2004,1B,1976,1782,16133.1,5392,1524,-22,-4.0,2.1,18.1,-2.9,13.3,1.3,9.3
mariners,2004,1B,2003,1782,16052.2,5499,1328,69,17.3,-0.4,66.1,0.9,84.0,8.6,84.0
marlins,2004,1B,1995,1782,15829.0,5224,1438,9,-29.3,6.0,-15.8,14.3,-24.8,-3.5,-27.8
mets,2004,2B,2148,1782,15939.0,5307,1544,-55,-11.8,-1.0,16.3,-26.0,-22.5,-2.8,-28.5
nationals,2004,NA,NA,NA,NA,NA,NA,NA,NA,NA,NA,NA,NA,NA,NA
orioles,2004,C,2009,1782,16008.2,5342,1553,-31,-8.6,2.2,-5.5,4.5,-7.5,-0.9,-5.5
padres,2004,SS,2119,1782,15851.0,5310,1427,-24,-8.0,4.8,-20.7,-5.2,-29.2,-2.3,-28.2
phillies,2004,1B,2008,1782,16089.1,5334,1476,9,2.3,3.3,-11.7,13.1,6.9,1.3,0.9
pirates,2004,2B,2140,1771,15708.0,5179,1489,-36,-7.7,7.7,-71.5,1.8,-69.6,-6.0,-68.6
rangers,2004,1B,2030,1782,15836.1,5279,1418,-35,-2.1,-2.2,56.6,-3.0,49.2,4.3,48.2
rays,2004,NA,NA,NA,NA,NA,NA,NA,NA,NA,NA,NA,NA,NA,NA
red_sox,2004,CF,2269,1782,15964.2,5217,1505,-43,-20.4,-7.2,-48.8,-10.6,-87.0,-10.5,-91.0
reds,2004,CF,2119,1782,15880.1,5330,1479,9,14.0,-3.4,-35.0,-3.1,-27.5,-2.2,-23.5
rockies,2004,3B,2170,1782,15788.2,5169,1616,-79,-3.7,-4.1,-70.0,17.9,-60.0,-6.0,-67.0
royals,2004,1B,1968,1782,15623.2,5320,1495,-21,-10.0,9.1,-49.6,-11.9,-62.4,-4.6,-63.4
tigers,2004,OF,2033,1782,15836.1,5302,1588,-5,-16.4,4.5,0.8,-13.7,-24.8,-2.7,-23.8
twins,2004,C,2022,1782,16236.0,5416,1516,19,-2.6,2.5,-26.2,15.6,-10.7,-0.8,-8.7
white_sox,2004,1B,2011,1782,15755.2,5248,1497,32,9.7,-0.4,38.8,6.0,54.1,5.9,55.1
yankees,2004,3B,2032,1782,15880.1,5303,1382,-116,-13.4,-2.4,-132.0,10.3,-137.4,-13.4,-141.4
angels,2005,LF,2052,1782,16107.2,5433,1407,42,1.1,-1.9,0.6,7.0,6.8,0.4,12.8
astros,2005,CF,2169,1793,15873.0,5184,1526,69,4.2,-0.1,30.4,1.2,35.7,3.8,35.7
athletics,2005,C,1963,1782,15953.2,5257,1508,51,-5.2,-2.8,41.8,3.5,37.3,2.9,33.3
blue_jays,2005,1B,2107,1782,15917.0,5254,1584,78,19.1,0.7,19.8,8.0,47.6,6.0,44.6
braves,2005,1B,2004,1782,15880.1,5282,1647,122,54.0,2.7,62.1,12.3,131.1,15.6,131.1
brewers,2005,C,1968,1782,15818.0,5330,1340,-4,-4.3,-1.0,36.1,-12.7,18.1,1.2,14.1
cardinals,2005,SS,2273,1782,15902.1,5168,1758,61,16.6,7.4,-29.8,3.5,-2.4,1.7,7.6
cubs,2005,C,2071,1782,15840.0,5170,1487,7,-10.1,0.5,67.5,-4.8,53.1,4.6,56.1
diamondbacks,2005,3B,2096,1782,16019.2,5262,1589,-48,-10.9,-2.2,-76.5,11.2,-78.4,-8.1,-79.4
dodgers,2005,3B,2165,1782,15700.2,5228,1534,38,12.4,-1.3,11.6,-6.5,16.1,2.2,11.1
giants,2005,CF,2092,1782,15887.2,5356,1459,-57,-22.8,-7.9,48.8,-6.4,11.7,-1.6,15.7
indians,2005,1B,1902,1782,15979.1,5345,1510,69,-23.6,5.3,86.6,-5.6,62.8,5.1,61.8
mariners,2005,1B,1912,1782,15704.1,5387,1426,17,-13.3,-3.0,39.5,7.7,30.9,1.7,29.9
marlins,2005,1B,2059,1782,15865.2,5156,1481,-114,15.7,5.1,-81.0,2.6,-57.6,-4.2,-58.6
mets,2005,1B,2023,1782,15792.1,5293,1469,-12,35.6,-0.4,-54.5,-6.9,-26.2,-0.3,-35.2
nationals,2005,LF,2099,1782,16038.0,5441,1384,9,14.3,4.3,43.5,6.3,68.4,7.7,72.4
orioles,2005,1B,2043,1782,15704.1,5228,1531,34,-8.5,0.1,25.4,-4.7,12.4,0.7,8.4
padres,2005,1B,2179,1782,16008.2,5339,1364,-60,-11.3,0.3,-12.6,-0.3,-23.9,-2.8,-24.9
phillies,2005,1B,2067,1782,15785.0,5175,1448,106,21.8,-1.1,48.5,0.5,69.7,8.4,66.7
pirates,2005,SS,2082,1782,15796.0,5288,1595,-2,-33.5,8.0,-7.5,-3.6,-36.6,-4.4,-37.6
rangers,2005,1B,1923,1782,15840.0,5334,1468,-16,3.7,-6.3,-13.8,-0.1,-16.5,-2.1,-19.5
rays,2005,NA,NA,NA,NA,NA,NA,NA,NA,NA,NA,NA,NA,NA,NA
red_sox,2005,C,2148,1782,15719.0,5265,1494,-30,2.0,0.8,-29.2,0.7,-25.8,-2.1,-32.8
reds,2005,1B,2020,1793,15763.0,5349,1449,-66,2.0,-3.9,-90.0,4.5,-87.4,-8.1,-86.4
rockies,2005,3B,2041,1782,15605.1,5200,1550,-27,-2.5,-5.1,3.4,-0.1,-4.3,-1.0,-4.3
royals,2005,1B,1978,1782,15546.2,5189,1513,-147,0.1,1.1,-75.2,-15.2,-89.2,-8.1,-87.2
tigers,2005,OF,2058,1782,15792.1,5279,1654,46,-15.0,0.5,21.6,6.9,14.0,0.4,24.0
twins,2005,2B,1989,1782,16107.2,5311,1604,52,-0.4,4.0,24.9,-1.1,27.3,3.1,30.3
white_sox,2005,1B,1949,1782,16232.1,5414,1488,59,-14.3,3.4,55.9,3.8,48.8,3.9,45.8
yankees,2005,2B,2084,1782,15737.1,5242,1504,-175,-7.9,-4.2,-227.3,2.2,-237.2,-22.1,-239.2
angels,2006,LF,2076,1782,15979.1,5393,1437,1,12.7,-1.8,2.1,-16.0,-3.0,0.5,2.0
astros,2006,LF,2175,1782,16155.1,5294,1597,47,-4.6,4.5,18.4,10.9,29.1,2.9,26.1
athletics,2006,1B,1951,1782,15968.1,5373,1489,-3,-9.4,-2.2,-7.2,13.1,-5.7,-1.3,0.3
blue_jays,2006,3B,2069,1782,15711.2,5148,1549,99,30.6,0.5,31.6,-3.0,59.6,8.2,53.6
braves,2006,2B,2096,1782,15854.2,5310,1432,26,-2.6,-2.8,53.7,1.1,49.5,4.2,46.5
brewers,2006,C,1984,1782,15682.1,5227,1436,10,-13.5,-2.8,28.8,-6.8,5.7,-0.8,4.7
cardinals,2006,SS,2242,1771,15726.1,5206,1600,45,-12.9,5.4,-8.6,-5.7,-21.8,-2.3,-18.8
cubs,2006,2B,2045,1782,15829.0,5297,1314,-7,-22.6,-1.9,93.4,-0.8,68.1,4.9,64.1
diamondbacks,2006,2B,1990,1782,16056.1,5264,1583,-13,-21.6,6.1,-22.4,4.0,-33.9,-3.7,-34.9
dodgers,2006,SS,2157,1782,16063.2,5318,1596,-35,-4.9,-3.0,-45.7,-6.0,-59.6,-6.0,-63.6
giants,2006,CF,2222,1771,15726.1,5312,1437,49,-14.1,-4.0,47.1,6.8,35.8,1.6,32.8
indians,2006,2B,1916,1782,15656.2,5279,1540,-10,-3.5,0.8,-8.9,-5.9,-17.5,-1.7,-25.5
mariners,2006,CF,1984,1782,15913.1,5302,1510,69,25.2,5.5,29.8,1.1,61.6,8.0,62.6
marlins,2006,1B,2273,1782,15766.2,5264,1428,-38,-5.1,1.1,-23.0,-12.1,-39.3,-3.9,-34.3
mets,2006,1B,1987,1782,16074.2,5374,1469,41,-2.2,-1.9,28.8,8.6,33.2,2.6,34.2
nationals,2006,OF,2063,1782,15799.2,5432,1355,-16,12.2,-6.8,11.3,-19.6,-3.0,-0.9,-8.0
orioles,2006,C,2087,1782,15609.0,5327,1471,4,7.5,-0.8,7.8,4.9,19.4,2.0,27.4
padres,2006,3B,2055,1782,16100.1,5392,1432,48,-18.3,-1.4,42.4,9.9,32.5,1.1,26.5
phillies,2006,LF,2169,1782,16063.2,5308,1501,-33,2.9,2.5,-25.7,5.0,-15.3,-0.9,-17.3
pirates,2006,1B,2010,1782,15785.0,5201,1576,-79,-1.2,4.0,-98.8,10.4,-85.6,-7.5,-85.6
rangers,2006,1B,1954,1782,15744.2,5235,1615,24,10.3,-3.1,-21.7,9.7,-4.8,-0.3,0.2
rays,2006,NA,NA,NA,NA,NA,NA,NA,NA,NA,NA,NA,NA,NA,NA
red_sox,2006,C,2162,1782,15854.2,5245,1542,-70,4.3,1.7,-82.5,21.4,-55.1,-4.6,-62.1
reds,2006,2B,2050,1782,15902.1,5349,1427,-56,16.4,1.1,-22.1,-17.4,-22.0,-0.9,-20.0
rockies,2006,1B,2001,1782,15920.2,5293,1638,-3,29.7,8.8,-77.5,11.7,-27.4,0.3,-23.4
royals,2006,1B,1986,1782,15689.2,5378,1519,33,11.2,2.1,66.0,-3.0,76.3,7.7,79.3
tigers,2006,OF,2049,1782,15928.0,5255,1648,32,11.8,3.0,19.6,-1.9,32.5,4.5,36.5
twins,2006,3B,1983,1782,15832.2,5246,1528,13,3.8,-6.3,33.4,3.1,34.0,2.7,33.0
white_sox,2006,2B,2120,1782,15939.0,5375,1478,-71,-28.6,-2.0,-16.1,1.2,-45.6,-6.4,-47.6
yankees,2006,1B,2180,1782,15880.1,5361,1397,-72,-13.0,-1.5,-94.2,-8.9,-117.6,-11.7,-114.6
angels,2007,LF,2039,1782,15785.0,5311,1439,-23,4.6,1.9,1.4,-5.4,2.6,0.8,1.6
astros,2007,LF,2191,1782,16111.1,5340,1519,-72,-3.5,-5.2,-24.9,-6.2,-39.8,-4.5,-45.8
athletics,2007,CF,2007,1782,15928.0,5332,1547,6,-33.8,-1.5,-0.6,2.5,-33.4,-5.5,-34.4
blue_jays,2007,3B,2015,1782,15935.1,5157,1684,106,7.1,-3.1,27.5,3.1,34.6,3.6,27.6
braves,2007,1B,2026,1782,16019.2,5343,1483,111,43.9,-1.4,59.4,0.4,102.2,12.5,100.2
brewers,2007,2B,2086,1782,15887.2,5355,1381,7,1.9,-0.4,45.1,-7.0,39.7,3.8,32.7
cardinals,2007,SS,2223,1782,15792.1,5282,1536,26,-1.1,-3.1,8.9,-23.6,-18.8,-2.0,-14.8
cubs,2007,1B,2232,1782,15913.1,5324,1401,56,29.1,5.3,72.5,4.7,111.6,14.5,101.6
diamondbacks,2007,1B,2085,1782,15851.0,5343,1452,58,-6.1,1.7,13.2,-0.1,8.7,0.6,7.7
dodgers,2007,LF,2162,1782,15950.0,5250,1484,-16,-35.7,-0.9,-13.9,-3.0,-53.4,-7.8,-46.4
giants,2007,C,2163,1782,15990.1,5373,1527,-19,-11.1,-0.8,1.2,15.4,4.6,-0.4,6.6
indians,2007,OF,2079,1782,16089.1,5357,1540,11,-5.3,-3.9,3.3,6.2,0.4,-0.8,4.4
mariners,2007,C,2072,1782,15777.2,5275,1500,-67,10.2,1.5,-92.7,1.3,-79.7,-6.7,-79.7
marlins,2007,1B,2057,1782,15880.1,5366,1370,-36,13.9,5.0,-34.7,-18.4,-34.3,-1.9,-31.3
mets,2007,1B,2002,1782,15975.2,5433,1370,48,-10.6,0.8,28.8,2.0,20.9,1.3,19.9
nationals,2007,CF,2139,1782,15913.1,5495,1413,-8,-16.6,4.0,30.9,-5.6,12.6,0.8,13.6
orioles,2007,LF,2054,1782,15825.1,5319,1558,2,-2.3,-6.3,4.4,8.4,4.3,-0.5,1.3
padres,2007,2B,2021,1793,16331.1,5389,1552,7,-16.9,3.3,-64.1,8.7,-68.9,-7.1,-80.9
phillies,2007,1B,2243,1782,16041.2,5333,1576,62,23.0,-0.6,24.3,0.1,46.7,5.5,50.7
pirates,2007,3B,2030,1782,15924.1,5340,1549,-34,2.4,3.4,-54.2,11.0,-37.4,-2.9,-39.4
rangers,2007,2B,2145,1782,15730.0,5281,1588,-1,0.0,-3.4,25.9,-8.2,14.3,1.0,17.3
rays,2007,NA,NA,NA,NA,NA,NA,NA,NA,NA,NA,NA,NA,NA,NA
red_sox,2007,C,2075,1782,15825.1,5266,1414,8,-12.9,-0.1,51.4,3.4,41.8,2.8,39.8
reds,2007,C,2092,1782,15946.1,5427,1387,-85,-15.5,1.5,-44.2,2.4,-55.8,-5.7,-54.8
rockies,2007,CF,2097,1793,16192.0,5363,1650,-11,1.8,5.5,-48.5,19.3,-22.0,-1.2,-22.0
royals,2007,3B,2032,1782,15810.2,5438,1437,44,18.6,3.1,86.8,-5.9,102.6,10.7,101.6
tigers,2007,LF,2080,1782,15920.2,5396,1485,50,10.0,-2.1,44.4,2.0,54.3,5.2,55.3
twins,2007,2B,1984,1782,15803.1,5262,1494,17,-8.4,-3.9,20.4,2.3,10.4,-0.1,8.4
white_sox,2007,1B,2010,1782,15847.1,5317,1444,-92,-22.1,-3.5,-25.5,-6.3,-57.4,-6.7,-58.4
yankees,2007,C,2036,1782,15957.1,5415,1443,-30,18.2,5.6,-64.5,-0.4,-41.1,-1.7,-47.1
angels,2008,LF,2054,1782,15964.2,5270,1536,-21,-1.8,3.0,-20.7,2.2,-17.3,-1.4,-18.7
astros,2008,1B,2049,1771,15678.2,5214,1480,29,8.7,2.2,49.9,19.7,80.4,8.4,84.2
athletics,2008,1B,2167,1771,15785.0,5385,1440,54,1.6,9.9,47.1,-6.8,51.9,6.3,58.5
blue_jays,2008,2B,2020,1782,15913.1,5150,1551,49,5.9,-2.3,12.8,9.7,26.0,2.7,32.3
braves,2008,3B,2022,1782,15847.1,5201,1613,20,0.2,-6.7,-38.2,4.6,-40.1,-4.6,-37.3
brewers,2008,2B,1917,1782,16012.1,5317,1536,56,-2.1,-2.7,40.3,-0.7,34.8,2.7,42.4
cardinals,2008,1B,2273,1782,15994.0,5281,1657,67,5.2,0.1,-16.6,13.9,2.6,0.5,14.4
cubs,2008,1B,2135,1771,15957.1,5273,1292,-43,4.4,2.1,48.6,-6.8,48.3,5.5,49.0
diamondbacks,2008,2B,2020,1782,15781.1,5211,1397,-34,-16.0,-1.8,-41.4,-11.3,-70.6,-8.1,-77.1
dodgers,2008,SS,2168,1782,15920.2,5188,1612,-22,5.8,-2.6,-82.8,5.3,-74.3,-7.0,-69.5
giants,2008,C,2133,1782,15862.0,5399,1290,-19,1.9,-3.9,51.2,-7.6,41.6,3.4,39.8
indians,2008,1B,1993,1782,15807.0,5310,1560,53,10.3,4.7,26.6,7.3,48.9,5.6,44.6
mariners,2008,1B,1977,1782,15788.2,5290,1515,18,16.6,4.0,-44.9,1.6,-22.7,-0.8,-30.2
marlins,2008,2B,2143,1771,15788.2,5311,1373,32,-6.5,-0.3,34.9,-8.0,20.2,1.4,14.1
mets,2008,LF,2082,1782,16107.2,5410,1381,70,3.8,1.8,56.5,2.6,64.8,6.7,60.5
nationals,2008,1B,2032,1771,15774.0,5360,1410,-6,-18.1,-0.5,54.6,-15.8,20.3,0.8,17.7
orioles,2008,1B,2013,1771,15642.0,5302,1539,39,24.3,-5.1,16.9,7.0,43.1,4.4,36.6
padres,2008,1B,2011,1782,16041.2,5353,1439,5,-27.8,-1.2,-16.4,12.7,-32.6,-5.1,-33.8
phillies,2008,OF,2199,1782,15946.1,5211,1538,94,42.7,0.3,45.2,1.9,90.0,12.1,92.5
pirates,2008,C,1969,1782,16005.0,5398,1646,-54,-10.3,-2.5,-39.2,2.8,-49.2,-5.0,-108.3
rangers,2008,3B,2064,1782,15862.0,5388,1535,-46,4.2,-1.6,-45.0,-5.6,-48.0,-4.2,-57.6
rays,2008,CF,2088,1782,16034.1,5407,1422,27,10.9,3.4,102.2,-4.5,112.0,11.9,109.5
red_sox,2008,LF,2085,1782,15909.2,5265,1472,20,-8.7,0.5,84.5,7.7,84.0,7.7,86.0
reds,2008,2B,2156,1782,15865.2,5238,1427,-33,2.1,0.6,-50.8,-13.8,-62.0,-5.6,-58.9
rockies,2008,C,2036,1782,15906.0,5195,1642,-80,-17.6,2.3,-95.8,0.5,-110.6,-10.7,-128.8
royals,2008,LF,2114,1782,15902.1,5393,1403,-109,-20.8,-0.1,-6.8,0.8,-27.0,-3.7,-31.5
tigers,2008,LF,2122,1782,15895.0,5348,1486,-85,-16.1,-3.6,-63.8,-8.1,-91.6,-9.5,-95.2
twins,2008,C,1965,1793,16049.0,5496,1523,-27,-9.4,1.7,-10.4,-8.4,-26.5,-2.7,-26.3
white_sox,2008,3B,2102,1793,16034.1,5231,1548,-49,-3.2,2.3,-35.4,-7.6,-44.0,-4.2,-50.8
yankees,2008,1B,2044,1782,15858.1,5275,1438,-35,9.8,-3.3,-62.9,4.8,-51.6,-4.7,-49.8
angels,2009,CF,2025,1782,15895.0,5332,1498,54,4.9,10.9,-31.4,9.1,-6.6,0.6,-10.3
astros,2009,1B,2001,1782,15730.0,5152,1579,18,25.4,2.7,-32.1,10.2,6.2,2.2,11.0
athletics,2009,1B,2056,1782,15920.2,5384,1456,-14,-0.6,-3.8,26.7,-8.6,13.8,0.8,18.5
blue_jays,2009,C,1921,1782,15961.0,5208,1605,28,1.1,-5.7,-80.1,12.7,-72.0,-7.4,-66.2
braves,2009,LF,2044,1782,16089.1,5263,1534,-16,5.1,3.2,-55.1,4.5,-42.3,-3.3,-34.3
brewers,2009,2B,1973,1782,15785.0,5340,1456,-14,-17.6,1.1,12.3,-6.1,-10.3,-1.9,-9.8
cardinals,2009,1B,2265,1782,15847.1,5085,1698,17,6.9,4.8,-32.4,-4.0,-24.6,-1.4,-14.2
cubs,2009,CF,2140,1771,15898.2,5249,1421,-41,-9.3,-3.6,5.6,-3.1,-10.4,-2.2,-2.3
diamondbacks,2009,1B,2021,1782,15924.1,5335,1460,-9,-2.4,-0.6,31.5,-13.2,15.3,1.2,7.1
dodgers,2009,SS,2016,1782,16206.2,5324,1441,-11,-12.7,2.1,-9.7,4.2,-16.2,-2.2,-20.6
giants,2009,C,2207,1782,15906.0,5307,1361,43,-3.2,-6.9,109.9,0.3,100.1,8.7,99.4
indians,2009,2B,1947,1782,15774.0,5355,1493,-19,-19.1,2.8,-29.7,-4.3,-50.3,-5.1,-58.1
mariners,2009,1B,1904,1782,15979.1,5482,1411,119,-0.4,6.1,156.0,-13.3,148.4,14.2,153.3
marlins,2009,CF,2121,1782,15909.2,5315,1315,-65,-4.4,-3.2,5.6,-11.3,-13.3,-2.0,-18.9
mets,2009,LF,2049,1782,15686.0,5255,1361,12,-5.8,-4.4,-29.6,-6.9,-46.8,-5.2,-45.9
nationals,2009,C,2116,1782,15667.2,5268,1582,-60,1.8,2.0,-36.3,-26.0,-58.5,-4.7,-64.1
orioles,2009,C,1963,1782,15719.0,5359,1521,-26,30.9,0.1,-79.0,5.1,-42.9,-2.1,-33.2
padres,2009,2B,2005,1782,15957.1,5314,1411,0,-19.9,0.6,13.8,0.0,-5.5,-1.7,-3.1
phillies,2009,LF,1939,1782,16012.1,5331,1423,5,27.0,-1.0,-11.4,12.9,27.4,4.1,30.3
pirates,2009,SS,1848,1771,15601.2,5264,1611,73,6.7,-2.2,24.8,23.0,52.3,4.9,51.6
rangers,2009,1B,1898,1782,15781.1,5361,1455,12,-12.1,4.0,41.4,1.9,35.2,3.0,38.6
rays,2009,1B,2084,1782,15700.2,5357,1398,93,16.9,-6.2,89.5,-6.3,93.8,9.4,90.5
red_sox,2009,C,2049,1782,15803.1,5279,1348,-45,-8.9,3.3,3.7,9.4,7.5,0.8,-3.6
reds,2009,2B,2073,1782,16041.2,5417,1463,43,28.0,1.4,52.4,5.1,86.9,9.5,92.8
rockies,2009,1B,2145,1782,15821.2,5132,1570,-11,-11.3,2.3,-49.3,10.4,-47.8,-4.8,-47.1
royals,2009,LF,2093,1782,15686.0,5251,1413,-147,7.5,-3.9,-49.7,-10.6,-56.8,-5.5,-67.7
tigers,2009,OF,2165,1793,15917.0,5318,1496,37,11.7,-0.2,14.1,1.3,26.9,3.3,32.0
twins,2009,3B,2113,1793,15983.0,5401,1422,-61,-23.1,-3.4,-36.6,13.0,-50.1,-6.3,-59.0
white_sox,2009,1B,2018,1782,15836.1,5270,1490,-24,0.3,2.0,-50.6,-9.6,-58.0,-5.1,-60.1
yankees,2009,1B,2219,1782,15950.0,5331,1317,-27,-23.3,-4.9,25.8,0.1,-2.4,-2.4,-7.1
angels,2010,CF,2015,1782,15942.2,5371,1405,-22,23.8,-2.6,-13.1,-8.1,-0.1,1.0,-6.7
astros,2010,1B,2023,1782,15832.2,5243,1436,-8,-11.7,-3.6,11.3,-2.3,-6.3,-1.7,-0.9
athletics,2010,1B,2091,1782,15748.1,5220,1496,52,-12.1,7.8,9.2,6.7,11.6,0.9,10.3
blue_jays,2010,C,1951,1782,15847.1,5188,1543,-19,7.8,3.1,-29.9,3.6,-15.4,-0.8,-9.2
braves,2010,1B,2138,1782,15832.2,5131,1567,5,-9.1,2.6,-37.1,-8.7,-52.2,-5.3,-38.9
brewers,2010,2B,1955,1782,15829.0,5299,1360,58,-12.5,2.1,-0.4,2.7,-8.1,-1.0,-7.4
cardinals,2010,1B,2207,1782,15990.1,5185,1682,44,-15.0,4.3,-5.7,2.3,-14.1,-1.8,-3.3
cubs,2010,1B,2073,1782,15803.1,5225,1401,-59,4.0,-0.7,24.1,-25.2,2.3,0.4,1.6
diamondbacks,2010,2B,2003,1782,15752.0,5315,1442,65,-1.2,3.5,83.0,-2.3,83.0,7.8,72.0
dodgers,2010,LF,2058,1782,15858.1,5192,1433,-128,-16.2,-5.8,-60.6,-5.5,-88.1,-10.5,-85.8
giants,2010,C,2280,1782,16071.0,5387,1343,49,14.4,-1.4,65.1,17.2,95.3,10.2,97.5
indians,2010,CF,1938,1782,15763.0,5241,1637,-23,22.5,0.4,-64.2,-3.6,-45.0,-2.9,-46.9
mariners,2010,1B,1873,1782,15818.0,5410,1531,10,-15.3,-0.4,57.2,-4.1,37.3,2.2,25.7
marlins,2010,1B,1983,1782,15821.2,5320,1366,2,18.3,-3.6,-10.7,-11.4,-7.3,-0.4,-5.8
mets,2010,C,2025,1782,15983.0,5311,1482,56,29.2,1.5,-18.2,9.5,22.0,3.9,9.2
nationals,2010,C,2257,1782,15785.0,5261,1501,3,-11.0,-5.6,21.5,-14.5,-9.6,-2.2,16.8
orioles,2010,2B,1963,1782,15799.2,5368,1453,-21,18.5,0.5,-44.5,-0.4,-25.9,-1.2,-19.5
padres,2010,2B,2155,1782,16019.2,5282,1454,83,-8.3,-1.2,58.3,13.6,62.3,5.1,64.2
phillies,2010,2B,1952,1782,16019.2,5273,1485,-22,5.2,6.8,-47.4,10.4,-25.0,-0.8,-18.5
pirates,2010,1B,1968,1782,15528.1,5178,1469,-86,3.4,-4.3,-71.9,-7.3,-80.1,-7.7,-84.3
rangers,2010,C,2045,1782,16008.2,5414,1374,6,3.4,-4.7,58.4,-4.9,52.2,4.4,38.3
rays,2010,1B,2131,1782,15990.1,5398,1394,32,9.2,-4.1,55.2,3.5,63.8,6.5,56.3
red_sox,2010,C,2201,1782,16023.1,5283,1447,19,-1.7,1.6,-36.6,-5.1,-41.8,-3.8,-51.6
reds,2010,C,2123,1782,15983.0,5360,1459,43,-5.2,2.0,35.0,20.2,52.1,4.6,73.4
rockies,2010,1B,2119,1782,15862.0,5154,1559,-8,-16.2,5.5,-46.3,1.5,-55.6,-5.7,-52.0
royals,2010,OF,1890,1782,15803.1,5331,1430,-135,-17.1,-9.1,-31.5,-12.8,-70.6,-8.0,-68.6
tigers,2010,CF,2145,1782,15887.2,5335,1565,35,3.9,4.0,42.7,-6.2,44.4,4.7,35.4
twins,2010,2B,1972,1782,15979.1,5311,1565,-24,3.8,-4.6,3.0,14.7,16.8,1.2,19.5
white_sox,2010,CF,1947,1782,15909.2,5336,1485,-82,-19.3,2.8,-34.1,-4.8,-55.4,-5.9,-55.1
yankees,2010,C,2136,1782,15865.2,5325,1392,73,4.5,2.0,28.2,21.7,56.4,5.9,23.6
angels,2011,1B,1999,1782,16115.0,5391,1575,29,7.6,6.7,27.6,8.7,50.5,5.9,52.6
astros,2011,1B,2053,1782,15785.0,5217,1489,30,2.1,1.3,0.3,-3.9,-0.3,0.3,3.8
athletics,2011,1B,1964,1782,15924.1,5306,1367,-33,-13.7,3.2,-10.3,-11.2,-32.1,-3.6,-29.7
blue_jays,2011,C,1985,1782,16045.1,5325,1550,-36,12.5,-2.3,-41.3,-3.6,-34.7,-2.7,-51.7
braves,2011,3B,2007,1782,16276.1,5357,1473,34,-7.4,0.5,-6.5,4.4,-9.1,-1.2,-3.5
brewers,2011,2B,2101,1782,15858.1,5306,1410,45,-17.4,2.1,55.9,-8.9,31.6,2.2,24.7
cardinals,2011,SS,2321,1782,16082.0,5270,1640,-16,-16.0,3.2,-19.4,-11.9,-44.2,-4.7,-40.2
cubs,2011,LF,2143,1782,15777.2,5233,1418,-28,5.1,-4.7,10.4,-11.7,-0.9,-0.6,2.2
diamondbacks,2011,C,1923,1782,15876.2,5394,1435,96,-8.1,-0.8,98.7,5.0,94.8,7.9,119.1
dodgers,2011,C,2113,1771,15752.0,5199,1337,-12,10.6,-2.1,3.3,5.6,17.4,2.0,2.9
giants,2011,CF,2251,1782,16148.0,5279,1507,16,1.7,0.5,-9.9,2.5,-5.2,-0.3,3.3
indians,2011,LF,1996,1782,15986.2,5363,1497,-45,-5.0,-5.8,-36.1,-6.1,-53.1,-5.7,-51.6
mariners,2011,1B,1949,1782,15763.0,5270,1484,-6,4.2,4.3,-7.4,-1.6,-0.5,0.8,-9.1
marlins,2011,2B,2073,1782,16056.1,5321,1410,-91,3.5,0.0,-16.9,-2.6,-15.9,-1.2,-18.0
mets,2011,2B,2037,1782,15928.0,5270,1480,-91,-15.2,-6.9,-71.3,-14.6,-108.1,-11.4,-116.6
nationals,2011,2B,2103,1771,15942.2,5342,1548,35,26.4,0.0,-42.2,-0.8,-16.5,0.0,-10.4
orioles,2011,2B,1996,1782,15913.1,5368,1506,-14,10.8,4.1,-107.3,-1.1,-93.5,-7.1,-80.9
padres,2011,1B,2097,1781,15942.2,5287,1488,43,-8.2,-4.8,45.9,5.9,38.8,2.5,37.8
phillies,2011,C,1944,1782,16247.0,5269,1461,-89,-2.6,-4.5,-34.0,10.5,-30.6,-3.8,-43.8
pirates,2011,1B,2122,1782,15942.2,5290,1598,-52,-12.4,-6.2,-9.8,1.2,-27.2,-3.5,-32.2
rangers,2011,3B,2069,1782,15854.2,5294,1411,9,-6.8,7.4,45.9,-13.8,32.6,3.6,34.7
rays,2011,1B,2068,1782,15939.0,5332,1384,70,2.5,5.0,68.9,7.8,84.3,9.6,85.7
red_sox,2011,C,2034,1781,16030.2,5346,1403,49,-6.9,0.1,66.9,5.4,65.4,5.7,53.9
reds,2011,1B,2099,1782,16144.1,5315,1597,47,6.1,-3.9,27.1,11.1,40.4,3.6,40.4
rockies,2011,2B,2034,1782,15924.1,5191,1567,-6,-6.0,4.2,-31.6,8.9,-24.5,-2.2,-24.5
royals,2011,1B,1879,1782,15964.2,5355,1555,32,38.7,-5.6,-31.4,7.9,9.6,2.2,13.1
tigers,2011,2B,2224,1782,15840.0,5332,1515,37,6.6,3.6,-20.3,3.2,-6.8,0.2,-16.0
twins,2011,1B,1946,1782,15638.1,5321,1470,-69,-3.2,-2.1,13.6,-6.6,1.7,-0.2,1.8
white_sox,2011,1B,1997,1782,16060.0,5324,1480,-11,-24.0,2.9,-9.0,10.6,-19.5,-2.8,-23.1
yankees,2011,LF,2098,1782,16041.2,5389,1429,50,14.7,1.2,40.4,0.4,56.6,6.4,56.2
angels,2012,LF,2114,1782,15766.2,5261,1442,79,8.6,0.7,53.3,-2.6,59.9,6.2,60.3
astros,2012,1B,2167,1782,15656.2,5110,1568,-58,6.0,-6.6,-3.7,6.3,2.1,-0.6,-7.3
athletics,2012,3B,1974,1782,16170.0,5442,1459,22,19.6,1.5,3.4,-14.7,9.7,2.2,12.8
blue_jays,2012,1B,2006,1782,15880.1,5205,1586,57,20.2,-3.9,-24.8,3.3,-5.2,0.1,-3.7
braves,2012,3B,1933,1782,15898.2,5304,1492,139,17.4,2.5,51.6,7.7,79.2,9.4,84.5
brewers,2012,SS,2103,1782,15990.1,5285,1362,30,-8.7,-8.0,0.0,0.3,-16.4,-3.2,-12.6
cardinals,2012,SS,2155,1782,16089.1,5256,1567,10,-10.1,-0.7,-18.2,-4.2,-33.2,-3.7,-24.1
cubs,2012,LF,2142,1782,15550.1,5187,1418,-25,-11.4,-1.0,43.3,4.5,35.5,2.3,36.0
diamondbacks,2012,C,1917,1782,15770.1,5224,1515,29,12.8,-1.6,-24.8,19.7,6.1,1.2,21.0
dodgers,2012,1B,2150,1782,15946.1,5217,1473,-21,9.8,-5.2,-1.3,4.1,7.4,0.8,6.8
giants,2012,1B,2132,1782,15961.0,5310,1468,19,-1.0,-1.9,23.0,-7.1,13.0,1.0,17.3
indians,2012,LF,2084,1782,15862.0,5257,1545,-63,-8.6,0.2,-40.0,-0.6,-49.0,-4.8,-53.7
mariners,2012,2B,1935,1782,16023.1,5380,1431,-5,-10.3,7.0,-0.5,13.3,9.4,1.0,2.1
marlins,2012,CF,2038,1782,15847.1,5275,1447,-92,-1.9,4.2,-19.2,-3.3,-20.2,-1.5,-21.7
mets,2012,CF,2182,1782,15774.0,5249,1313,-64,-16.2,-2.0,-27.0,0.3,-44.9,-5.7,-48.3
nationals,2012,2B,2236,1782,16151.2,5299,1480,-32,6.7,-0.6,-21.0,4.3,-10.6,-0.6,-12.6
orioles,2012,2B,2005,1782,16313.0,5445,1495,-32,-8.7,0.4,-16.2,-10.6,-35.2,-3.7,-28.4
padres,2012,1B,2184,1782,15781.1,5172,1464,-16,-6.0,-10.0,3.1,-7.3,-20.2,-4.2,-15.6
phillies,2012,C,2101,1782,15964.2,5234,1417,13,15.8,2.3,-4.0,0.2,14.3,2.9,22.3
pirates,2012,1B,2122,1782,15766.2,5196,1505,-28,-26.2,-3.5,13.0,-4.9,-21.6,-4.3,-29.0
rangers,2012,3B,2129,1782,15862.0,5241,1366,-10,-6.1,4.0,14.3,-3.2,9.0,0.9,-0.2
rays,2012,C,2177,1782,16056.1,5171,1491,47,1.3,4.7,23.7,-12.1,17.6,2.7,46.7
red_sox,2012,1B,2085,1782,15873.0,5153,1553,70,-6.8,7.9,18.2,13.1,32.4,3.2,31.2
reds,2012,2B,1996,1782,15983.0,5213,1417,27,5.2,-2.5,2.5,3.3,8.5,0.8,17.4
rockies,2012,1B,2042,1782,15642.0,5148,1541,-131,15.6,-3.0,-17.4,-6.6,-11.4,-0.6,-25.1
royals,2012,C,1902,1782,15964.2,5324,1503,10,33.3,5.1,-40.8,-2.4,-4.8,1.8,-13.5
tigers,2012,2B,2140,1782,15737.1,5165,1340,-43,-22.1,0.1,-0.8,4.2,-18.5,-3.3,-20.3
twins,2012,1B,1963,1782,15825.1,5335,1624,41,-10.0,6.7,5.5,-5.8,-3.5,0.0,-10.7
white_sox,2012,1B,2012,1782,15902.1,5336,1441,7,-2.9,5.6,6.5,12.0,21.2,2.7,24.8
yankees,2012,LF,2156,1782,15898.2,5233,1334,-3,-15.3,-2.3,-1.6,12.8,-6.3,-2.0,-7.9
angels,2013,LF,2038,1782,16034.1,5379,1371,-99,-18.2,-4.4,-12.2,-7.9,-42.8,-5.4,-49.0
astros,2013,CF,2078,1782,15840.0,5292,1492,-80,-23.3,4.6,-27.8,-23.4,-69.9,-7.0,-68.3
athletics,2013,CF,2075,1782,15972.0,5501,1266,-36,-10.4,-10.6,37.9,-7.0,10.0,-1.2,1.5
blue_jays,2013,C,2045,1782,15972.0,5322,1408,31,-3.3,1.8,-14.6,-8.9,-24.9,-2.1,-27.3
braves,2013,1B,2099,1782,15953.2,5260,1503,27,-12.0,4.3,9.7,5.5,7.4,0.1,8.9
brewers,2013,1B,2001,1782,15869.1,5335,1499,60,21.7,1.5,35.4,-15.6,43.0,5.8,47.5
cardinals,2013,OF,2170,1782,16056.1,5242,1544,-43,-46.2,4.6,-20.4,10.6,-51.4,-8.2,-44.1
cubs,2013,LF,1973,1782,15928.0,5291,1461,-16,-1.3,0.3,18.7,-6.9,10.8,1.0,16.9
diamondbacks,2013,1B,2001,1782,16445.0,5413,1564,113,21.8,-1.0,12.1,16.4,49.3,5.6,42.9
dodgers,2013,1B,2150,1782,15953.2,5166,1547,28,2.4,-3.1,19.6,-12.9,6.0,0.5,7.7
giants,2013,CF,2112,1782,15920.2,5345,1367,11,7.1,0.7,25.1,-5.8,27.2,3.1,26.7
indians,2013,3B,2001,1782,15854.2,5188,1381,-17,17.0,2.4,-25.8,-0.5,-6.9,0.4,-6.5
mariners,2013,C,2033,1782,16115.0,5358,1505,-153,-28.7,3.4,-42.6,-0.6,-68.4,-6.9,-88.0
marlins,2013,LF,1903,1782,16060.0,5342,1515,1,-2.0,4.2,11.6,11.4,25.1,2.9,22.4
mets,2013,CF,2107,1782,16243.1,5416,1467,-3,25.8,-2.8,-14.0,-2.2,6.8,1.6,5.2
nationals,2013,OF,2005,1782,15902.1,5263,1436,15,1.2,6.6,-14.6,-9.5,-16.2,-0.3,-14.6
orioles,2013,2B,1918,1782,15983.0,5322,1472,6,11.7,5.0,8.9,13.9,39.5,5.2,45.3
padres,2013,1B,2358,1782,16005.0,5308,1499,-22,-11.7,-7.4,-24.7,15.1,-28.7,-4.4,-17.9
phillies,2013,C,2065,1782,15799.2,5255,1436,-104,-3.7,-3.2,-58.8,-4.5,-70.2,-6.8,-76.1
pirates,2013,2B,2160,1782,16177.1,5193,1753,42,-3.1,-7.4,6.5,-10.3,-14.3,-2.3,-8.8
rangers,2013,1B,2074,1793,16096.2,5352,1436,55,22.7,1.2,33.7,-1.3,56.3,6.7,56.9
rays,2013,C,2242,1793,16104.0,5307,1443,22,-8.3,-2.9,0.9,13.5,3.2,-0.6,18.4
red_sox,2013,2B,2072,1782,15994.0,5315,1382,61,-4.3,-2.7,32.5,8.6,34.1,2.5,34.7
reds,2013,C,2069,1782,16210.1,5320,1491,11,3.9,-2.7,18.7,4.3,24.2,2.3,17.2
rockies,2013,1B,2007,1782,15796.0,5137,1668,-58,1.0,0.1,-25.0,11.2,-12.7,-0.9,-17.1
royals,2013,1B,1989,1782,15931.2,5363,1422,120,35.5,4.4,54.8,4.6,99.3,12.1,104.0
tigers,2013,3B,2113,1782,16089.1,5265,1376,-56,-19.4,1.5,-13.7,12.3,-19.2,-2.6,-33.5
twins,2013,2B,1989,1782,15953.2,5335,1584,-81,19.5,0.9,-38.2,8.7,-9.2,0.2,-5.9
white_sox,2013,1B,2084,1782,16005.0,5325,1430,-58,-2.0,3.8,-8.4,-12.4,-19.0,-1.3,-21.4
yankees,2013,CF,2025,1782,15920.2,5352,1395,21,6.5,-2.2,14.5,12.2,31.1,2.9,35.0
angels,2014,2B,2114,1782,16309.1,5503,1324,-7,-10.4,3.6,17.6,13.0,23.7,2.1,17.4
astros,2014,1B,1982,1782,15825.1,5199,1545,-1,-23.2,0.2,-25.3,-19.0,-67.3,-8.1,-70.4
athletics,2014,1B,2163,1782,16096.2,5308,1517,36,-3.7,-1.0,26.8,-3.5,18.6,1.1,11.0
blue_jays,2014,SS,2191,1782,15873.0,5369,1382,-38,16.3,-0.5,-16.3,6.1,5.7,1.3,7.7
braves,2014,1B,1929,1782,16005.0,5385,1372,4,-2.9,6.5,32.3,-1.3,34.5,3.9,26.4
brewers,2014,3B,2042,1782,16034.1,5317,1443,-17,-10.6,-7.0,21.5,-4.4,-0.5,-1.7,7.9
cardinals,2014,C,2138,1782,15935.1,5224,1433,43,-18.1,4.8,13.3,-2.0,-2.0,-0.9,-5.9
cubs,2014,1B,2061,1782,16096.2,5302,1510,-49,-10.2,1.8,15.3,-8.8,-1.9,-0.6,2.0
diamondbacks,2014,3B,1928,1782,15887.2,5217,1503,31,19.6,0.5,-19.6,4.3,4.8,1.6,3.1
dodgers,2014,SS,2113,1782,16111.1,5161,1536,-16,12.5,2.7,-16.5,-9.4,-10.7,0.2,-12.7
giants,2014,2B,2165,1782,15939.0,5240,1548,-8,-3.7,4.7,-2.3,-4.9,-6.2,-0.4,-9.6
indians,2014,1B,2026,1782,16151.2,5261,1483,-67,3.4,-1.6,-75.4,-5.7,-79.4,-7.6,-72.7
mariners,2014,CF,2054,1782,15972.0,5279,1462,29,-21.7,3.4,-3.5,10.3,-11.5,-2.6,-12.1
marlins,2014,2B,1964,1782,16034.1,5318,1549,12,14.3,-1.4,4.8,6.9,24.6,2.9,24.6
mets,2014,LF,2055,1782,16100.1,5372,1470,47,1.1,0.0,-5.4,5.7,1.4,0.2,-4.1
nationals,2014,OF,1992,1782,16177.1,5343,1477,15,11.7,9.7,-16.3,-7.8,-2.7,1.9,7.0
orioles,2014,LF,2063,1782,16074.2,5394,1478,76,28.3,6.6,21.1,2.9,59.0,8.1,60.6
padres,2014,1B,2245,1782,15825.1,5289,1379,47,-14.2,-9.0,24.1,-1.4,-0.5,-2.4,1.4
phillies,2014,OF,2002,1782,16151.2,5334,1528,-41,-13.6,-9.2,-33.0,7.7,-48.0,-6.4,-39.2
pirates,2014,1B,2160,1782,16019.2,5178,1658,22,-4.2,0.8,-25.4,-4.6,-33.4,-3.6,-26.4
rangers,2014,3B,1960,1782,15689.2,5360,1323,-44,10.0,4.2,2.4,-5.8,10.7,1.9,9.1
rays,2014,C,2073,1782,16100.1,5470,1196,0,3.4,-4.9,18.5,2.7,19.6,0.9,39.8
red_sox,2014,1B,2042,1782,16122.1,5342,1506,107,18.9,-4.0,51.5,14.5,80.9,8.2,80.4
reds,2014,1B,2014,1782,15906.0,5188,1441,47,11.3,-1.1,22.7,11.0,43.9,4.9,45.1
rockies,2014,CF,2068,1782,15741.0,5186,1649,-11,-20.7,-1.6,-15.6,16.0,-21.9,-3.4,-28.6
royals,2014,1B,2071,1782,15957.1,5414,1382,66,19.7,-7.1,70.8,10.8,94.3,8.1,100.0
tigers,2014,1B,2094,1782,15994.0,5322,1408,-82,-13.1,0.2,-18.1,0.8,-30.2,-3.3,-25.3
twins,2014,1B,2002,1782,15785.0,5338,1460,-136,6.9,-1.2,-50.5,1.4,-43.4,-3.8,-52.4
white_sox,2014,1B,2044,1782,15851.0,5319,1558,-52,-4.5,7.6,-35.1,-5.3,-37.3,-2.6,-44.2
yankees,2014,2B,2041,1782,15983.0,5302,1353,-13,-2.6,-6.6,15.6,-6.9,-0.5,-1.3,3.6
angels,2015,1B,2125,1782,15847.1,5364,1355,40,18.5,-2.9,9.1,4.3,29.1,3.1,31.1
astros,2015,C,2116,1782,15851.0,5203,1432,45,1.3,-3.0,-0.7,-5.6,-8.0,-1.5,0.2
athletics,2015,LF,2100,1782,15891.1,5253,1520,-11,-19.9,0.6,3.8,-22.8,-38.4,-4.5,-36.4
blue_jays,2015,SS,2040,1782,15851.0,5310,1466,-5,-15.9,-1.2,15.9,3.7,2.5,-1.0,7.5
braves,2015,2B,2029,1782,15678.2,5237,1459,-58,-10.1,8.4,-5.4,3.7,-3.4,0.0,-3.4
brewers,2015,3B,2095,1782,15785.0,5151,1512,-39,-24.6,-4.8,-8.2,-6.0,-43.6,-6.3,-40.6
cardinals,2015,SS,2234,1782,16111.1,5246,1443,39,-6.3,1.1,32.0,5.1,31.9,2.7,31.9
cubs,2015,C,2181,1782,16074.2,5164,1500,-24,13.5,-4.7,17.4,-10.8,15.4,2.2,28.3
diamondbacks,2015,1B,2049,1782,16133.1,5324,1557,84,-9.5,-0.7,37.9,4.0,31.7,2.1,28.7
dodgers,2015,3B,2156,1782,15902.1,5078,1540,21,9.8,-3.3,-11.7,13.1,7.8,1.4,5.8
giants,2015,OF,2009,1782,15887.2,5257,1521,0,-10.3,3.8,14.3,7.2,14.9,1.0,9.9
indians,2015,1B,2015,1771,15759.1,5187,1415,5,-0.9,2.3,0.2,6.1,7.6,1.1,9.6
mariners,2015,1B,2206,1782,16093.0,5303,1524,-98,-18.5,-0.1,-23.1,11.1,-30.6,-3.7,-28.6
marlins,2015,CF,2003,1782,15697.0,5278,1418,43,0.9,5.9,-15.1,17.8,9.6,1.7,7.6
mets,2015,2B,2109,1782,16089.1,5354,1426,24,7.3,-5.5,12.4,-0.8,13.3,1.1,11.3
nationals,2015,LF,1982,1782,15781.1,5188,1353,-39,-17.1,-0.2,-18.4,-0.8,-36.5,-4.8,-35.5
orioles,2015,LF,2051,1782,15781.1,5192,1489,21,26.2,4.1,-30.7,7.7,7.3,2.5,7.3
padres,2015,CF,2087,1782,15843.2,5160,1421,-22,-18.9,-1.0,-22.7,2.2,-40.4,-5.5,-38.4
phillies,2015,1B,2069,1782,15799.2,5334,1457,-62,6.9,-0.9,-9.2,-11.8,-15.0,-1.0,-16.0
pirates,2015,1B,2180,1782,16386.1,5254,1693,34,14.7,3.7,-1.6,-17.9,-1.2,1.2,-2.2
rangers,2015,1B,2123,1782,15869.1,5309,1570,-42,23.7,0.5,14.2,-10.3,28.2,3.6,26.2
rays,2015,C,2203,1782,15986.2,5439,1305,58,21.2,-0.4,24.5,-8.0,37.3,4.9,42.8
red_sox,2015,1B,2020,1782,15931.2,5285,1486,17,-10.4,0.1,-3.1,5.2,-8.2,-1.2,-5.2
reds,2015,3B,1985,1782,15986.2,5283,1495,-25,4.0,-3.8,-17.7,2.3,-15.2,-1.5,-19.2
rockies,2015,CF,2104,1782,15689.2,5118,1655,-70,-23.8,-0.3,-3.9,1.3,-26.7,-3.7,-27.7
royals,2015,2B,1976,1782,15972.0,5373,1467,59,8.4,-8.1,53.8,6.4,60.6,4.9,63.6
tigers,2015,1B,2023,1771,15917.0,5311,1490,-9,22.4,6.7,-14.5,-1.6,13.0,3.3,13.0
twins,2015,OF,2022,1782,15873.0,5320,1497,-26,38.8,-1.2,8.8,5.8,52.2,6.2,49.2
white_sox,2015,1B,1978,1782,15979.1,5252,1464,-26,-6.5,6.4,-42.3,2.4,-40.1,-3.1,-43.1
yankees,2015,OF,2186,1782,16034.1,5218,1469,-48,-24.8,-0.9,-15.9,4.7,-37.0,-4.9,-37.0
angels,2016,1B,2129,1782,15634.2,5285,1357,20,11.9,1.1,31.8,-6.4,38.4,4.5,41.4
astros,2016,2B,2071,1782,16148.0,5269,1481,91,40.9,-2.5,-6.8,-2.7,28.9,5.2,31.9
athletics,2016,CF,2037,1782,15766.2,5212,1509,-85,-15.2,-1.6,-26.3,-2.5,-45.6,-5.0,-50.6
blue_jays,2016,1B,2089,1782,16052.2,5229,1467,49,-10.4,1.5,17.7,2.2,11.0,0.6,5.0
braves,2016,C,1945,1771,15924.1,5349,1417,2,10.4,0.3,-13.2,-7.2,-9.6,-0.1,-18.3
brewers,2016,C,2058,1782,15777.2,5195,1526,-11,0.4,-3.1,-37.1,-21.0,-60.8,-6.5,-51.1
cardinals,2016,3B,2225,1782,15931.2,5108,1564,-35,-21.0,1.8,-27.7,-1.5,-48.5,-5.4,-53.5
cubs,2016,C,2261,1782,16056.1,5175,1455,93,2.1,-1.0,68.8,6.8,76.7,7.3,93.9
diamondbacks,2016,LF,2095,1782,15964.2,5193,1531,-57,-20.7,2.7,-13.0,-4.7,-35.8,-4.0,-32.8
dodgers,2016,LF,2198,1782,15983.0,5259,1279,51,-13.3,-5.7,33.0,10.4,24.3,-0.1,24.3
giants,2016,CF,2028,1782,16063.2,5275,1503,40,-10.3,2.1,11.0,13.2,16.0,0.8,18.0
indians,2016,3B,2184,1771,15895.0,5157,1497,10,9.0,1.5,7.1,-3.4,14.2,2.3,17.2
mariners,2016,OF,2130,1782,16027.0,5337,1485,-43,-3.3,4.3,-24.3,-2.9,-26.2,-1.9,-29.2
marlins,2016,CF,2061,1771,15785.0,5217,1374,-2,8.0,-2.2,21.0,12.7,39.5,3.9,39.5
mets,2016,3B,2197,1782,15917.0,5273,1344,10,7.4,4.6,-11.0,4.2,5.2,1.6,3.2
nationals,2016,LF,2014,1782,16056.1,5270,1284,-2,11.4,0.5,-24.3,8.8,-3.6,0.6,-3.6
orioles,2016,3B,2108,1782,15752.0,5180,1464,-41,-21.4,4.8,-40.1,13.2,-43.5,-4.8,-43.5
padres,2016,2B,2063,1782,15840.0,5284,1468,20,-22.4,-2.0,-5.9,-2.1,-32.4,-4.6,-34.4
phillies,2016,1B,2114,1782,15807.0,5269,1351,-5,-7.4,1.1,28.8,-1.1,21.4,1.6,21.4
pirates,2016,1B,2170,1782,15957.1,5182,1596,-47,20.0,-1.2,-40.4,-11.4,-33.0,-2.0,-34.0
rangers,2016,OF,2093,1782,15873.0,5298,1528,-30,6.7,7.4,16.2,-9.5,20.8,2.7,22.8
rays,2016,CF,1997,1782,15689.2,5267,1264,29,-6.8,-2.1,23.5,-6.5,8.2,0.2,6.2
red_sox,2016,1B,1994,1782,15836.1,5316,1326,106,11.6,2.6,28.4,7.5,50.2,5.7,54.2
reds,2016,2B,2006,1782,15862.0,5327,1442,-6,-1.6,-6.8,14.8,-7.8,-1.4,-0.9,1.6
rockies,2016,CF,2052,1782,15722.2,5086,1599,1,4.9,-4.7,-4.6,2.1,-2.4,-0.7,-1.4
royals,2016,2B,1940,1782,15840.0,5309,1398,56,7.3,-3.0,31.0,9.6,45.0,4.0,49.0
tigers,2016,1B,2000,1771,15708.0,5155,1410,-109,-28.9,3.2,-20.3,13.7,-32.4,-4.0,-27.4
twins,2016,1B,1942,1782,15873.0,5315,1469,-112,-10.2,2.8,-25.3,-18.3,-51.0,-4.4,-54.0
white_sox,2016,1B,1914,1782,15913.1,5337,1423,-9,29.4,0.6,-25.8,6.5,10.7,2.6,8.7
yankees,2016,OF,2071,1782,15711.2,5111,1396,17,11.5,-5.7,13.1,5.9,24.8,2.4,20.8
angels,2017,2B,2004,1782,15847.1,5324,1388,49,-0.9,3.7,16.9,13.5,33.2,3.6,37.2
astros,2017,LF,2214,1782,15906.0,5053,1383,28,12.2,0.8,-44.8,-2.8,-34.6,-3.0,-40.6
athletics,2017,1B,2067,1782,15741.0,5239,1473,-78,-30.1,-3.0,-19.3,-9.0,-61.4,-7.0,-65.4
blue_jays,2017,1B,2123,1782,16115.0,5281,1430,-5,13.6,-3.0,-46.7,8.7,-27.3,-2.0,-28.3
braves,2017,2B,2015,1782,15854.2,5292,1356,-51,-4.1,0.8,-23.4,6.4,-20.4,-2.0,-22.4
brewers,2017,C,2172,1782,15902.1,5089,1475,-33,25.3,1.1,-12.4,-23.8,-9.8,0.3,-15.3
cardinals,2017,3B,2049,1782,15953.2,5192,1433,-7,1.8,2.6,3.6,2.6,10.5,1.3,13.5
cubs,2017,1B,2402,1782,15920.2,5101,1478,23,8.6,-2.7,30.0,4.3,40.1,4.0,43.1
diamondbacks,2017,LF,2106,1782,15851.0,5099,1449,10,-20.4,-1.6,4.7,-9.6,-26.8,-4.7,-27.8
dodgers,2017,1B,2237,1782,15891.1,5147,1248,45,4.4,3.1,24.3,-2.0,29.9,4.1,33.9
giants,2017,LF,2123,1782,15972.0,5305,1361,-89,-13.2,-1.6,-2.1,8.5,-8.4,-1.7,-7.4
indians,2017,1B,2161,1782,15847.1,5080,1354,43,7.3,3.6,-25.6,8.1,-6.6,0.3,-2.6
mariners,2017,OF,1999,1782,15843.2,5360,1336,32,25.2,8.4,0.2,-11.0,22.8,4.7,23.8
marlins,2017,CF,1950,1782,15869.1,5325,1400,3,-5.0,4.2,22.1,12.4,33.7,3.3,35.7
mets,2017,2B,2043,1782,15781.1,5245,1311,-55,19.3,-4.1,-10.7,1.0,5.5,1.1,3.5
nationals,2017,LF,2073,1782,15913.1,5247,1334,-12,-3.8,-0.5,7.6,1.8,5.1,0.1,4.1
orioles,2017,1B,2149,1782,15851.0,5227,1464,-20,-26.3,-0.8,-29.5,5.4,-51.3,-6.4,-51.3
padres,2017,SS,2109,1782,15737.1,5182,1463,19,5.9,3.1,-23.9,-13.6,-28.5,-1.9,-28.5
phillies,2017,1B,2048,1782,15851.0,5252,1359,-48,-0.5,2.3,-18.8,14.5,-2.5,0.0,-5.5
pirates,2017,C,2096,1782,15847.1,5159,1480,-32,8.0,1.6,-3.6,-11.1,-5.1,0.2,-21.6
rangers,2017,3B,2033,1782,15777.2,5230,1512,-25,0.5,1.3,-18.5,-6.3,-23.0,-1.8,-22.0
rays,2017,C,2037,1782,15895.0,5286,1327,104,0.5,-2.2,53.0,-8.4,43.0,4.0,42.4
red_sox,2017,1B,1953,1782,16305.2,5407,1291,125,1.4,-5.2,51.2,2.4,49.7,3.8,55.7
reds,2017,SS,1991,1782,15730.0,5100,1499,54,21.8,3.5,-11.1,-0.3,14.0,3.3,20.0
rockies,2017,C,2013,1782,15814.1,5139,1542,-24,-25.4,4.4,13.8,13.5,6.3,-0.5,-1.2
royals,2017,1B,2033,1782,15814.1,5329,1401,-71,-8.3,-0.3,5.0,12.9,9.3,0.3,6.3
tigers,2017,1B,2044,1782,15623.2,5315,1288,-69,-28.4,-5.5,17.3,12.4,-4.2,-1.8,-7.2
twins,2017,1B,2049,1782,15796.0,5372,1357,57,-0.6,-7.7,23.2,13.0,27.8,1.2,28.8
white_sox,2017,1B,1952,1782,15638.1,5268,1441,-36,14.8,0.7,-10.7,-19.5,-14.7,-0.5,-20.7
yankees,2017,3B,2019,1782,15935.1,5210,1335,47,-3.7,-6.2,28.2,0.3,18.6,0.7,18.6
angels,2018,1B,2066,1782,15810.2,5232,1399,62,-2.1,6.1,18.7,18.1,40.8,3.9,44.8
astros,2018,LF,2248,1782,16005.0,5209,1259,46,5.7,1.5,-18.0,3.8,-7.1,0.0,-6.1
athletics,2018,CF,2096,1782,16122.1,5368,1484,29,-3.5,0.0,33.9,9.8,40.1,3.2,44.1
blue_jays,2018,3B,2058,1782,15770.1,5315,1321,-118,-9.6,1.3,-56.9,-2.4,-67.5,-6.1,-68.5
braves,2018,3B,1990,1782,16023.1,5332,1275,80,-7.9,-3.0,33.5,8.4,31.0,1.8,30.0
brewers,2018,1B,2307,1793,16071.0,5245,1323,126,-1.8,3.6,64.7,-14.0,52.5,5.9,54.5
cardinals,2018,CF,2125,1782,16008.2,5260,1372,26,-4.2,3.7,38.9,-16.5,22.0,2.3,19.0
cubs,2018,1B,2408,1793,16239.2,5326,1540,73,28.4,4.9,-8.1,11.9,37.1,6.0,40.1
diamondbacks,2018,LF,2022,1782,16093.0,5217,1538,135,-31.6,-2.1,45.7,6.8,18.8,-0.8,18.8
dodgers,2018,1B,2457,1793,16236.0,5295,1301,36,-1.2,-7.1,-8.2,-8.4,-24.9,-3.8,-25.9
giants,2018,CF,2064,1782,16074.2,5304,1469,-3,-24.5,-0.6,-2.4,-4.0,-31.4,-4.3,-33.4
indians,2018,2B,2192,1782,16030.2,5295,1251,4,23.0,-1.3,6.7,7.2,35.6,5.1,32.6
mariners,2018,LF,2102,1782,15935.1,5354,1398,-51,-8.0,7.4,-24.2,-1.6,-26.5,-2.0,-24.5
marlins,2018,1B,2236,1771,15862.0,5331,1328,-20,-8.9,0.4,11.3,1.1,3.9,-0.1,6.9
mets,2018,3B,2015,1782,16067.1,5342,1257,-99,-7.6,2.1,-46.5,1.3,-50.7,-5.3,-56.7
nationals,2018,C,2121,1782,15906.0,5261,1230,-59,-10.2,-6.4,-29.9,14.5,-32.0,-4.7,-36.7
orioles,2018,1B,2086,1782,15741.0,5255,1423,-117,1.6,3.0,-83.1,-2.3,-80.8,-7.6,-78.8
padres,2018,1B,2108,1782,16027.0,5275,1354,43,-17.7,-6.4,-16.1,8.0,-32.2,-4.9,-34.2
phillies,2018,C,2088,1782,15902.1,5165,1337,-146,-14.3,2.0,-54.0,-12.3,-78.5,-8.8,-71.1
pirates,2018,1B,1985,1771,15774.0,5260,1358,-20,23.9,-0.1,-13.8,-2.0,8.0,2.3,13.0
rangers,2018,3B,2017,1782,15741.0,5312,1417,-22,16.8,2.0,12.7,0.7,32.1,3.4,30.1
rays,2018,C,2077,1782,15931.2,5320,1386,79,-6.6,-1.1,27.6,-6.8,13.1,0.5,-4.0
red_sox,2018,2B,2025,1782,16045.1,5296,1257,-16,38.2,-0.2,5.7,8.0,51.7,7.1,49.7
reds,2018,C,2144,1782,15851.0,5204,1458,-2,-12.0,-1.8,8.4,-5.1,-10.5,-1.7,-33.2
rockies,2018,1B,2033,1793,15975.2,5185,1497,-49,-3.3,3.9,-23.9,18.9,-4.3,-0.1,-5.3
royals,2018,1B,1871,1782,15752.0,5339,1404,-7,9.8,-4.3,50.5,8.6,64.6,5.7,69.6
tigers,2018,1B,1899,1782,15678.2,5330,1320,-14,1.5,-2.3,16.5,-1.3,14.3,0.9,14.3
twins,2018,1B,2041,1782,15876.2,5252,1321,9,-2.4,-2.4,27.2,-6.5,15.9,1.2,12.9
white_sox,2018,C,2024,1782,15807.0,5316,1330,-86,2.3,3.9,-18.5,-21.2,-33.5,-2.8,-52.3
yankees,2018,CF,1970,1782,16019.2,5232,1232,34,26.3,-6.8,1.0,0.4,20.8,2.7,20.8
angels,2019,1B,2063,1782,15869.1,5277,1356,-6,13.4,0.7,7.0,9.3,30.4,3.4,28.4
astros,2019,C,2208,1782,16085.2,5223,1253,129,-1.7,-5.5,38.8,6.6,38.1,3.2,35.9
athletics,2019,C,2045,1782,16115.0,5369,1360,62,16.1,-1.2,15.8,20.1,50.8,5.2,43.9
blue_jays,2019,2B,2012,1782,15843.2,5228,1368,-60,-6.7,-4.2,-29.2,3.6,-36.5,-4.2,-33.5
braves,2019,1B,2069,1782,15957.1,5259,1369,46,10.5,0.7,-37.2,14.8,-11.1,-0.1,-12.1
brewers,2019,3B,2192,1782,16052.2,5238,1275,63,-0.9,2.4,28.5,-6.2,23.7,2.7,19.7
cardinals,2019,CF,2189,1782,15884.0,5116,1444,65,10.7,5.7,21.5,8.1,45.9,6.0,47.9
cubs,2019,1B,2315,1782,15862.0,5139,1473,-10,1.4,6.4,-5.2,7.9,10.6,1.5,10.6
diamondbacks,2019,LF,2215,1782,16115.0,5249,1426,98,19.3,0.2,20.5,5.2,45.3,5.6,48.3
dodgers,2019,3B,2296,1782,15902.1,5157,1294,133,11.8,-0.6,18.9,-14.1,16.0,2.6,15.0
giants,2019,C,2128,1782,16159.0,5363,1419,43,-15.2,-4.5,28.0,-1.8,6.6,-1.0,12.5
indians,2019,1B,2038,1782,15814.1,5257,1252,91,27.0,-0.5,9.4,13.7,49.5,6.6,50.5
mariners,2019,OF,2059,1782,15832.2,5314,1374,-101,-19.9,-1.9,-18.8,-13.7,-54.2,-5.7,-53.2
marlins,2019,1B,2186,1782,15887.2,5326,1266,-19,6.9,2.4,-4.2,-10.3,-5.3,0.5,-5.3
mets,2019,1B,2405,1782,16071.0,5238,1314,-92,5.0,4.5,-41.7,4.5,-27.8,-1.7,-29.8
nationals,2019,1B,1955,1782,15832.2,5197,1249,19,2.5,-4.5,-1.0,11.9,8.8,0.4,5.8
orioles,2019,1B,2212,1782,15873.0,5384,1353,-120,-35.1,5.7,-4.5,-19.8,-53.8,-5.6,-53.8
padres,2019,1B,2220,1782,15752.0,5213,1261,16,-16.3,-2.0,25.8,-1.0,6.5,-1.1,6.5
phillies,2019,LF,2061,1782,15990.1,5241,1411,71,16.3,-8.1,22.9,7.3,38.5,3.6,48.5
pirates,2019,LF,2106,1782,15840.0,5163,1340,-117,-13.4,2.6,-60.4,-15.9,-87.2,-8.5,-85.2
rangers,2019,LF,1970,1782,15818.0,5284,1281,-72,-24.9,-1.1,1.8,-0.3,-24.5,-3.3,-26.5
rays,2019,LF,2086,1782,16217.2,5251,1316,32,10.3,-1.1,-0.4,-7.0,1.8,0.6,1.8
red_sox,2019,1B,2021,1782,16181.0,5282,1338,-32,30.1,-5.9,-11.6,6.1,18.7,2.5,19.7
reds,2019,1B,2344,1782,15818.0,5081,1328,39,-5.7,1.8,-7.8,-1.1,-12.8,-1.4,-15.8
rockies,2019,1B,2048,1782,15935.1,5122,1605,-55,-21.8,0.8,-8.5,-6.5,-36.1,-4.2,-34.1
royals,2019,1B,1986,1782,15675.0,5284,1383,15,-4.8,3.8,14.9,22.3,36.1,3.2,39.1
tigers,2019,1B,1873,1771,15763.0,5243,1341,-127,-26.5,-1.2,-27.7,2.9,-52.5,-6.0,-54.5
twins,2019,1B,2108,1782,16096.2,5336,1317,-2,14.1,-1.3,15.2,-23.3,4.8,0.6,-0.2
white_sox,2019,1B,2058,1771,15539.1,5084,1447,-117,-1.9,5.6,-26.1,-12.8,-35.3,-3.0,-34.3
yankees,2019,1B,2023,1782,15873.0,5241,1252,24,-0.5,1.6,15.4,1.8,18.3,2.0,20.3
