team,season,mean_innings,mean_drs,mean_uzr,mean_uzr150,mean_def
angels,1998,274.8642857142857,NA,NA,NA,NA
angels,1999,286.15,NA,NA,NA,NA
angels,2000,330.83142857142855,NA,NA,NA,NA
angels,2001,328.46285714285716,NA,NA,NA,NA
angels,2002,322.55277777777775,NA,3.5580217378463,4.618287160100025,3.730978133568486
angels,2003,279.10243902439026,2.1716914848993287,4.0300285634387985,5.063752396931927,2.955581655480984
angels,2004,323.075,-0.15980121574797737,2.2250908947978694,2.3828646109702647,5.839517637994608
angels,2005,344.3705882352941,3.5509796218164427,3.7863923865300144,5.00184382625671,8.706158261582617
angels,2006,322.65277777777777,-1.0892858680211785,-1.0661773242942745,0.16870504658919816,2.696154058074825
angels,2007,327.86,0.0786136939983093,1.1652268743526413,2.918577205003585,5.955246646775048
angels,2008,322.3888888888889,0.7312769257280718,0.35742176341374543,1.258054157349856,5.194956847823091
angels,2009,350.2181818181818,5.776407780431245,3.007807478169717,2.112092443706055,6.262313804751093
angels,2010,269.4697674418605,-1.768554957194145,-1.5253941163703806,0.052618234911114406,0.07675417397428627
angels,2011,355.0030303030303,3.3636417956312794,4.315172534902098,5.340377167052028,6.174224959711562
angels,2012,382.02,5.063391096452192,3.8203147438966014,4.831671852561033,2.2397838803803034
angels,2013,298.85897435897436,-5.912530564969328,-1.9111570288496462,-3.8961422555534835,-2.6814608900969166
angels,2014,320.43783783783783,-0.10321182166292729,2.8021256271709762,3.2954882284832108,6.0903553162490045
angels,2015,256.00444444444446,0.8375896251801184,1.0738078221163392,1.8335100258090136,1.232446247013723
angels,2016,299.08684210526314,1.7216879448848685,1.8339934757656913,3.897872576065725,2.3994410576259733
angels,2017,359.984375,6.918364512348625,3.246330498297987,3.6003642209938174,9.937684924085623
angels,2018,234.55714285714285,5.330992839306379,3.9743702244508117,4.072826130213308,7.170622467874198
angels,2019,274.62142857142857,-0.108981194891669,1.6283672538284535,2.5848746330238836,1.6235648289448128
astros,1998,435.8037037037037,NA,NA,NA,NA
astros,1999,315.2108108108108,NA,NA,NA,NA
astros,2000,310.6702702702703,NA,NA,NA,NA
astros,2001,401.11034482758623,NA,NA,NA,NA
astros,2002,339.8764705882353,NA,-0.453644782144129,-0.6494637698365585,1.2240203816011743
astros,2003,362.36875,5.353619413925732,4.395845205817106,5.776889327088982,4.383983992272132
astros,2004,397.87586206896555,1.5209561117659296,0.3222971835032344,1.3631358912632132,3.2357096295474403
astros,2005,349.6060606060606,5.036621305365347,2.466895567644698,3.241699614534716,4.189478648007656
astros,2006,345.3970588235294,5.790760846425681,5.155367787431332,4.174454552538278,7.727343451959235
astros,2007,300.25897435897434,-2.547655442737466,-1.293782707178005,-3.2563608138717486,-1.1023981306878738
astros,2008,325.65714285714284,2.689673626952097,5.467348884829262,6.479070724509666,5.046169289735634
astros,2009,326.69714285714286,1.0190565311691038,-0.6224998500209971,-0.9140820285160076,-1.8889484362974884
astros,2010,328.83714285714285,-0.5791229701198165,-0.4499880853091859,-1.9747061042932603,0.3697594549499446
astros,2011,337.5029411764706,1.4876733100365136,-0.8521148923879812,-1.133938868803968,0.30288642543400923
astros,2012,247.3282608695652,-3.6530135095938334,-0.7282952884857647,-0.9565663895187705,-1.4694735509641488
astros,2013,287.79,-0.9163105041870809,-1.9557569073947125,-6.981500799777453,-0.6354352267515392
astros,2014,348.59090909090907,-1.8076324596861824,-4.51715430025243,-7.468994852020432,-1.4286984100488254
astros,2015,338.91470588235296,1.9976048112053182,-0.22438329794201126,-2.2735914584532337,1.2956342428660699
astros,2016,293.495,4.317628920424539,1.3766255545263977,1.1816331107102813,3.2183135255955952
astros,2017,304.2552631578947,1.072255810131728,-2.3234068080633805,-5.0755351954864105,-0.7238294279663947
astros,2018,352.57878787878786,1.9502711622590267,-1.2464181488346415,-2.6941584177939033,0.29616310252355105
astros,2019,292.315,5.062005028821647,0.8776176997737578,2.2469359372398463,-0.26369645545367465
athletics,1998,273.00952380952384,NA,NA,NA,NA
athletics,1999,359.41562500000003,NA,NA,NA,NA
athletics,2000,337.5882352941176,NA,NA,NA,NA
athletics,2001,300.0153846153846,NA,NA,NA,NA
athletics,2002,322.55,NA,-2.656729461840109,-4.202574536425799,2.4576613569971895
athletics,2003,371.9,1.710752977300523,-2.9844530816213215,-4.80408503212501,0.2842796274964265
athletics,2004,392.22333333333336,0.40648610060594725,1.8786288168031635,-0.7142947354104127,1.7187573095438844
athletics,2005,362.45937499999997,3.171027787596886,2.700661370446302,5.632255361930294,5.4688706184215965
athletics,2006,386.96333333333337,1.2401002678979058,1.0964204142710876,0.6393911947704181,5.574999999999999
athletics,2007,289.4075,2.3092438862158033,0.07272808056872056,-2.4219411532385466,2.570162248818375
athletics,2008,294.2692307692308,4.610543284102296,4.042621334077144,4.8286111332483275,8.263636743855345
athletics,2009,312.75405405405405,-0.15062349311694712,1.4208452736220083,-1.409380620170359,-1.470403860245828
athletics,2010,286.205,5.975227546688562,4.217961465508635,2.4345322950983332,7.696464505310229
athletics,2011,321.5416666666667,-3.3055159604336746,-1.647935981359162,-3.1120247228063938,-0.6275923084366664
athletics,2012,326.4916666666667,0.572772828981512,0.2108333900662315,-20.70691979264936,-0.18128182090446227
athletics,2013,283.19756097560975,-0.7602035982809552,1.3033626105279743,0.04073829732763531,0.951075587404396
athletics,2014,344.13529411764705,1.4190127002034083,0.9747283910777325,0.9657171355648779,0.7859942560175054
athletics,2015,330.0628571428571,-0.601937293329409,-3.0213034441805227,-4.249463578780681,-2.141354237358559
athletics,2016,266.52558139534887,-3.2880739228312654,-2.5107381211280813,-3.9856475893097634,-3.8092088179038632
athletics,2017,301.15263157894736,-2.8962407591883816,-1.7155679832226494,-4.218718729714885,0.3124944084097517
athletics,2018,434.1074074074074,4.487931814109838,5.03798668057763,4.1139766178807875,8.104638274638274
athletics,2019,334.75714285714287,5.178764989544659,4.052549793788237,4.36263364672309,5.835576739231379
blue_jays,1998,344.2352941176471,NA,NA,NA,NA
blue_jays,1999,302.83684210526314,NA,NA,NA,NA
blue_jays,2000,410.55,NA,NA,NA,NA
blue_jays,2001,389.89666666666665,NA,NA,NA,NA
blue_jays,2002,371.0322580645161,NA,0.4055491524750114,0.7789797905530276,1.036628456958433
blue_jays,2003,358.6625,-2.4662984003066946,-6.4629840966350995,-8.96047361555084,-3.3763568431178457
blue_jays,2004,334.16764705882355,4.254196115017999,4.401917234997083,4.608643651799545,3.2262435218566927
blue_jays,2005,482.15833333333336,4.025320174907965,2.144612162642747,4.379478997905718,1.926386161887116
blue_jays,2006,356.959375,6.486890139809327,3.4995367498449164,4.061973465671462,-0.5900075647203857
blue_jays,2007,321.8027777777778,8.574748163557736,3.658798981887061,3.2502890572589878,3.1605789815339143
blue_jays,2008,312.6918918918919,3.514693679988937,2.456949413881037,3.452973095854667,2.6493348084635597
blue_jays,2009,429.74444444444447,3.5632029371461074,-3.459683043101411,-5.802348120715468,1.7266059093603943
blue_jays,2010,360.00625,-1.2527907501605875,-0.9316567460317461,-0.4060674603174605,0.746249132064991
blue_jays,2011,306.9342105263158,-2.230874094397051,-2.0328479170545752,-2.6843840341816687,-2.067169257363937
blue_jays,2012,295.9512820512821,5.140052503443914,0.3383138912034281,-0.4736678173233344,2.446253760102025
blue_jays,2013,322.47222222222223,1.5786028081660781,-0.7292051956237013,-2.71552187656947,0.3046422516574546
blue_jays,2014,268.3186046511628,-3.308779046083708,-0.30896844107217153,0.5197119480159281,-2.14418372441338
blue_jays,2015,288.1125,1.84481756258406,1.8183636634105218,1.2061060147766154,5.140518402310181
blue_jays,2016,299.26666666666665,2.897244546498278,1.4983887733887733,1.9556015376770093,4.745148818908432
blue_jays,2017,272.3790697674419,0.2663780811625384,-0.11107133425276569,-2.3246407856255566,0.06635565087908665
blue_jays,2018,238.85208333333333,-3.5762544810683043,-2.792454618938797,-5.552796710808626,-1.1097204583199587
blue_jays,2019,261.7409090909091,-1.9240748137471126,-1.6039617540651214,-3.3103158668946047,1.0924023898846742
braves,1998,359.528125,NA,NA,NA,NA
braves,1999,367.640625,NA,NA,NA,NA
braves,2000,359.915625,NA,NA,NA,NA
braves,2001,330.7257142857143,NA,NA,NA,NA
braves,2002,391.1333333333333,NA,2.709142350695391,3.001277805913748,3.056314784506274
braves,2003,447.9230769230769,4.832311523269792,2.074071784000236,0.8896927048062105,3.166349747197186
braves,2004,374.1258064516129,3.78230541736004,5.003231847347204,4.759814309228358,0.1943023480396215
braves,2005,444.0346153846154,5.709568727316824,6.297915779676623,8.22953058011624,1.2103973500755338
braves,2006,411.6428571428571,0.17870900572618426,1.71414713496464,1.6078883940527082,-1.9936793736291198
braves,2007,342.50882352941176,5.608185276463466,5.958071291171044,6.456907313626192,0.710812481965456
braves,2008,371.5967741935484,2.264351751378098,-0.5231575918723707,-2.374597190253194,8.665974498583253
braves,2009,354.43030303030304,-1.1668661616593423,-1.8673348318999219,-2.8737998436278342,6.718734267264966
braves,2010,338.50882352941176,1.1374714361429454,-2.486289721761416,-4.960804219769741,5.108499721913237
braves,2011,328.6722222222222,0.772857118709961,-3.0133789477753297,-3.0452955274653064,1.0613325940551213
braves,2012,412.7607142857143,8.251261107698166,5.122910578609001,5.967548960366125,6.0028698396876825
braves,2013,331.31142857142856,2.572995627764986,1.176901967365231,0.9898285341993821,3.686123913343452
braves,2014,401.2103448275862,0.885965741592251,3.394918140917727,3.376756549218819,1.2322275402981786
braves,2015,278,-0.050570275486927656,1.6101409439735168,1.5018317700757384,3.578861217957716
braves,2016,282.3292682926829,1.859340849207378,0.6946368097311495,-1.1393925930314068,-1.2624531718713283
braves,2017,295.5025641025641,-1.0822935286257223,-0.8227196935109276,-1.2734680508962424,2.095312868785317
braves,2018,375.7258064516129,6.956016312513414,3.7913131372606745,3.6695979431016377,4.551445134348041
braves,2019,362.484375,4.532531574636837,-0.776573094790946,-1.0426895324701,1.0871277021341172
brewers,1998,362.596875,NA,NA,NA,NA
brewers,1999,372.11290322580646,NA,NA,NA,NA
brewers,2000,355.2909090909091,NA,NA,NA,NA
brewers,2001,347.9757575757576,NA,NA,NA,NA
brewers,2002,327.21714285714285,NA,0.48197421466491047,-0.2711222208917096,0.8792705073759496
brewers,2003,430.0925925925926,-5.184301399354144,-4.39853363775932,-8.11665059244971,-3.6432108802292893
brewers,2004,397.6241379310345,-2.0608875128998965,1.1735642779264546,0.8406085836059074,-1.146329345804768
brewers,2005,442.27307692307693,0.20961640476211177,0.9758567225888527,1.0639460920728308,-0.1397019121044281
brewers,2006,335.25882352941176,-0.9598905147910304,-1.250546442608486,1.003816074436512,-0.6649938937941295
brewers,2007,385,-2.8560865800865796,-0.10771933992615257,1.9807897524228117,-3.0231150697455362
brewers,2008,375.51290322580644,3.2446460325232587,0.5994421911673717,2.285151286004694,1.632668068670707
brewers,2009,370.18709677419355,-1.1946792380487636,-0.41859670445715197,0.033943692841060795,0.8731393435765875
brewers,2010,411.01785714285717,-1.3539818395099275,-2.7430953989192624,-0.9009992848061028,1.8493139067691746
brewers,2011,281.20975609756096,1.1745333749653064,0.6154311319071315,2.087285127981442,5.295101304468498
brewers,2012,264.17045454545456,-0.5885404568331397,-1.3368378085964392,-2.7166981410445556,2.413733669241042
brewers,2013,329.6457142857143,3.586898488420468,2.823065487988583,0.9147209228573694,7.553903443684729
brewers,2014,342.8705882352941,0.14800645072742236,-0.26565049419516784,-0.5943579385001568,5.828053801811693
brewers,2015,273.18333333333334,-0.41394667805503016,-1.577703714051929,-3.318693994851019,1.9863445583211325
brewers,2016,301.80526315789473,-0.8659383011003958,-3.6340666899267307,-7.831335293824452,-3.3337941521120475
brewers,2017,321.05833333333334,-1.5747397928725309,-1.2859170154108572,-2.0585265475316845,0.19855327278768406
brewers,2018,248.51702127659576,4.9753944676078525,1.8085227439651372,3.421749008470841,1.556001753736967
brewers,2019,306.9947368421053,2.482221536456994,0.5940366701459323,1.0201163912795164,3.573175047321208
cardinals,1998,255.48260869565217,NA,NA,NA,NA
cardinals,1999,281.76585365853657,NA,NA,NA,NA
cardinals,2000,286.5875,NA,NA,NA,NA
cardinals,2001,294.25384615384615,NA,NA,NA,NA
cardinals,2002,361.459375,NA,2.883476318494504,5.4551445006720956,3.4119408559019613
cardinals,2003,344.1588235294118,-0.6449741056625704,2.676478808548896,2.507689902178268,5.023960783241262
cardinals,2004,374.9741935483871,5.062137609469899,4.174181263530801,1.9703365479236372,5.661251428020866
cardinals,2005,350.2878787878788,6.134711708983953,1.2478939404428708,0.14554607221623314,3.000658796174553
cardinals,2006,285.7525,5.352044164093052,1.4816907748634534,-0.15209971390272709,5.52551657520439
cardinals,2007,266.9325581395349,3.8190989797963075,2.033687523028969,-0.3473525399085812,5.301573760437139
cardinals,2008,258.3644444444444,5.134874079680727,1.7426450636097293,2.4814548636372575,9.69153706405351
cardinals,2009,255.97333333333333,3.9909886446504848,0.6477190161395986,-3.1224286820320413,4.702444817958299
cardinals,2010,264.17045454545456,4.33980298533144,0.3632412816427686,-1.3030949430577685,6.818695718002009
cardinals,2011,254.1391304347826,0.013600903305275988,-2.7022835292506895,-4.417806638371115,1.9775898172859785
cardinals,2012,324.7972222222222,2.0862332908566876,-1.5582006805381725,-3.7053758604505633,4.324905918576805
cardinals,2013,343.3,-0.5697726221277905,-2.668719506221221,-3.9961212893112568,6.211559235598935
cardinals,2014,340.71176470588233,3.4981612886517843,-0.4108780584056828,-0.26015489344909243,2.690064908161856
cardinals,2015,325.3,2.828867370290672,1.5497704091601854,1.8311325178787758,3.1829485217771465
cardinals,2016,296.9384615384615,-0.7891387320173394,-2.1237128869235624,-4.580775228995578,0.9631117866519273
cardinals,2017,297.3846153846154,0.5032678047939301,1.1302367528780948,1.0838501419334492,2.6058614172793866
cardinals,2018,332.45428571428573,2.9650392320319017,2.58998477182296,1.9374701576853175,3.5791426567463867
cardinals,2019,372.4193548387097,6.286349068860979,3.7038237013984556,4.401366740339157,3.927782165869881
cubs,1998,337.5028571428571,NA,NA,NA,NA
cubs,1999,293.2846153846154,NA,NA,NA,NA
cubs,2000,306,NA,NA,NA,NA
cubs,2001,310.5135135135135,NA,NA,NA,NA
cubs,2002,360.121875,NA,-1.8869344839557602,-1.4690105639041808,0.36874479311302427
cubs,2003,323.4611111111111,-1.6366384418528759,1.3060842663523864,1.4914712237281476,2.6733188571114437
cubs,2004,355.0060606060606,-1.3021715378311935,5.334330003511922,5.400503375346315,-1.7894905763452609
cubs,2005,328.92285714285714,0.7955143628988125,1.1716502732240437,3.2880168902136115,-0.4704812997734571
cubs,2006,302.7815789473684,-0.46483916667390934,2.986233820417813,4.304628130370429,0.49199593886037746
cubs,2007,289.205,3.0806694213447203,6.552820026287962,8.821199363554607,1.7110849839548523
cubs,2008,362.4625,-1.4193968341552579,2.614403397613393,4.228703329621711,1.127662128047014
cubs,2009,304.10263157894735,-1.4124213605171385,0.559956045696636,-0.047772585978181244,2.979001661589588
cubs,2010,337.86764705882354,-3.04302937976061,0.44212511069321314,-0.575485308896252,0.3792801827399855
cubs,2011,382.31,-2.4867079943850103,-1.3454501041884765,-0.7770815262365525,1.408091251569695
cubs,2012,289.7794871794872,2.2184596598651494,4.003536457068868,4.214866067815812,5.989952986490696
cubs,2013,350.8818181818182,0.5951671546147801,1.4345331766889455,-8.88699292138492,1.2597631909808094
cubs,2014,354.6060606060606,-1.340505896427961,0.3334323022980984,0.02366855814589455,-0.48688139115218465
cubs,2015,299.64102564102564,-0.41917679274345365,0.9949329577795383,2.1238065897954996,2.6244058701128026
cubs,2016,291.77,5.456541111149193,4.166289801116881,6.185646125208191,4.245724234365147
cubs,2017,226.91372549019607,2.4867186284845237,2.235338078291815,3.4558718861209963,0.8212983960176994
cubs,2018,274.46046511627907,3.6457828466844044,2.1702586708002327,3.0268242588645617,-0.47796173507437356
cubs,2019,240.15833333333333,1.4532947014122628,1.1524932300397768,0.8893902572088916,1.6354769307645325
diamondbacks,1998,369.43870967741935,NA,NA,NA,NA
diamondbacks,1999,378.4935483870968,NA,NA,NA,NA
diamondbacks,2000,311.8918918918919,NA,NA,NA,NA
diamondbacks,2001,353.6818181818182,NA,NA,NA,NA
diamondbacks,2002,330.48,NA,0.8887360980673227,0.025398645642825398,1.3697144517307214
diamondbacks,2003,342.18823529411765,-1.2636319878979578,-2.6555396192309964,-6.39445743364049,-0.6455218132805195
diamondbacks,2004,255.08666666666667,-0.8971678470933628,-3.592597570688969,-5.474243329350856,-1.3939019290811774
diamondbacks,2005,465.84,0.5222995019749271,-3.24353227484152,-5.022836731890173,0.4278907452187292
diamondbacks,2006,353.7030303030303,-0.19720361200116535,-2.5590991873102906,-3.6723166552433177,-1.6824527732843475
diamondbacks,2007,288.06,2.8787492189127266,-1.8049379162489698,-0.8157536897896795,-1.464300495826447
diamondbacks,2008,370.09354838709675,-1.4265791560982837,-5.09216785863697,-7.608649919317887,-3.849140816781968
diamondbacks,2009,373.4258064516129,-0.6815880859003819,0.09483851851851847,0.7257827160493826,3.325586763608216
diamondbacks,2010,357.846875,3.618403472155513,5.011603026008504,7.161215792730394,5.121279955285405
diamondbacks,2011,339.49117647058824,5.183483933568402,5.601894134421165,7.7823448453404085,7.829389667456785
diamondbacks,2012,327.5285714285714,1.439682470449688,-0.2994951258693115,-0.3140955668858444,2.502587975823225
diamondbacks,2013,373.575,5.818435053202168,3.4590049522935424,2.9458517371269046,0.5462102656762367
diamondbacks,2014,288.6975,2.2179617073234095,0.26432474165577846,-1.0674991091578572,2.7205805736455595
diamondbacks,2015,286.01951219512193,6.264547873247603,2.783295078284481,2.0342371292109047,0.25069382854180017
diamondbacks,2016,322.36944444444447,-0.9342024764547234,-2.385002265518804,-3.1919505131892594,-1.9431493913786688
diamondbacks,2017,281,1.6687961114486591,-1.0237819532444834,-3.213096112975947,-1.149376458171314
diamondbacks,2018,343.96764705882356,8.222986087952869,1.0248296559881906,1.9674278787404806,2.99515873015873
diamondbacks,2019,344.58235294117645,5.422241758992131,1.8250061097805368,2.7059054694755367,1.8781472781404496
dodgers,1998,289.2625,NA,NA,NA,NA
dodgers,1999,314.0108108108108,NA,NA,NA,NA
dodgers,2000,251.18260869565216,NA,NA,NA,NA
dodgers,2001,305.25,NA,NA,NA,NA
dodgers,2002,353.21818181818185,NA,5.080466712422786,5.606106481027551,9.825824605712874
dodgers,2003,306.68684210526317,5.3383444453025115,2.7807039573073835,5.235190998450038,9.172215358427367
dodgers,2004,332.03714285714284,5.07428600931049,6.986614738539915,8.32362238023584,9.933587576066305
dodgers,2005,278.33902439024394,0.2751075631577564,-0.13307927287295307,0.037221693625119144,-0.6375084127874371
dodgers,2006,259.4488888888889,-0.8608332191311499,-3.1105710730765836,-5.160251197695721,-1.357947101548582
dodgers,2007,282.80731707317074,0.2109080559891679,-2.9557626132654966,-5.10837203340531,0.6948366265592232
dodgers,2008,282.25853658536585,-0.7238217859426574,-4.030023213315554,-6.638823529411764,3.3780600110619465
dodgers,2009,346.52941176470586,1.375479545068749,-0.17692904602551046,-0.452134439109559,6.420882285031307
dodgers,2010,320.18888888888887,-3.6845611965159453,-4.290766896113944,-5.351971791870821,2.8716389528912085
dodgers,2011,272.5785714285714,0.12269944009154196,0.9087447193120874,1.2364919254162126,-0.9186341395218789
dodgers,2012,251.94347826086957,-1.0791412842770118,0.16147705582948937,1.2203863130268808,0.6517915084570244
dodgers,2013,269.6720930232558,2.708198587431765,1.3371663527810917,0.8423784967017368,1.5293969918587003
dodgers,2014,292.77,-0.09723503091163736,-0.685700101257361,-0.5508764168657406,-0.09699926211363431
dodgers,2015,281.9219512195122,1.0458179049728344,0.10491366678547383,0.19080135440180598,3.300494192887499
dodgers,2016,258.1711111111111,1.8796061182506003,2.6337480559875583,2.2797517569935235,7.932987674722853
dodgers,2017,240.6125,3.883838121460855,2.712904662904663,2.9510187110187114,6.992034797545332
dodgers,2018,274.45813953488374,1.8560800562630804,-1.1194611538611774,-2.5049841803054567,2.3201822175221665
dodgers,2019,251.29347826086956,4.910117219602924,0.4496223044914333,-2.026110384880205,0.8977548930044571
giants,1998,381.0032258064516,NA,NA,NA,NA
giants,1999,375.6774193548387,NA,NA,NA,NA
giants,2000,412.525,NA,NA,NA,NA
giants,2001,334.30285714285714,NA,NA,NA,NA
giants,2002,348.3454545454546,NA,2.8835145161771583,4.486922013466876,3.117321289388709
giants,2003,348.2818181818182,1.889100606440274,4.507138382602989,7.62439718004554,3.500389787565777
giants,2004,364.075,-4.322049028359541,-1.933962560339076,-0.4593206703033631,1.3192629930776836
giants,2005,339.56176470588235,-1.3399710699777394,1.7253536883582328,1.7565822170740646,4.721337804692155
giants,2006,336.24117647058824,4.733594583719668,4.0524947463224255,4.131606124287001,7.014213538969672
giants,2007,305.88157894736844,2.422617972211468,4.1001327942868935,3.795702383411534,10.317505437326211
giants,2008,268.1162790697674,-0.09871628068349388,2.1231140920952103,3.5584073342792224,2.124634704780407
giants,2009,350.3545454545455,-0.09324753280226952,3.917535118676908,8.225986338068546,2.0957301629043195
giants,2010,354.0121212121212,2.067460453331507,4.533946058050693,8.2357196662134,3.4024323769088545
giants,2011,266.71818181818185,1.3375541088653329,1.175237891169051,0.48223096627156087,4.70748865046148
giants,2012,322.30833333333334,1.5117166964000999,1.1256458273785472,0.8858622694881676,6.031500785968396
giants,2013,361.665625,-0.10631367025826685,0.13052971499674115,1.9184827477237267,4.115859761661183
giants,2014,275.8833333333333,1.6747331083705155,0.265256821433858,0.16431736320126308,5.753962269362502
giants,2015,274.9166666666667,3.1660070151128044,2.4411366765384654,2.7441447687721,6.907683247886933
giants,2016,324.4083333333333,4.917781944908252,2.149439675843912,3.30181359067464,10.680894904851282
giants,2017,241.825,-2.3157155656638753,0.8855623354987532,0.8646924874067213,3.859831274812528
giants,2018,292.0975,0.7490820701991631,-0.7756784027900234,-1.6311212993984994,0.4777205691045779
giants,2019,239.73673469387754,1.828647070340765,0.5771022307003543,0.7556088682991395,2.591867560131841
indians,1998,291.86,NA,NA,NA,NA
indians,1999,331.39142857142855,NA,NA,NA,NA
indians,2000,320.40833333333336,NA,NA,NA,NA
indians,2001,373.14516129032256,NA,NA,NA,NA
indians,2002,284.77,NA,-2.205770427312687,-4.360273367721734,-2.8857885274453623
indians,2003,307.12368421052633,2.461240542555288,2.1227312352462953,2.8196360181403235,2.0293031354108115
indians,2004,404.3724137931034,-3.00599481529488,-0.9889450909303544,0.22574995614291601,0.2220264978373291
indians,2005,374.76129032258063,4.233301198182069,3.370710449170717,4.418434099986228,1.6077289629527611
indians,2006,316.1666666666667,-2.4376471621859075,-1.7688580064063302,-5.323499583287311,-3.9828366182135126
indians,2007,389.85,-1.1722200846479414,-2.882893103886332,-1.903253105058974,-2.7743529057677567
indians,2008,370.7032258064516,1.8077498738230742,2.1238794689473424,2.6379105961911393,-0.47280233934414834
indians,2009,294.1,-0.8715420361119103,-2.06577644022362,-3.6584121416257265,-2.161079882275815
indians,2010,301.5184210526316,-0.4251464080923746,-1.6574405890216892,-4.633912644412075,-2.076621327226008
indians,2011,332.01714285714286,-1.9519818253790682,-2.2866846997491765,-5.295753700880343,-5.87497900229942
indians,2012,274.53333333333336,-3.181953791715812,-2.7761219490424383,-4.108755417588194,-4.953694581280788
indians,2013,371.8290322580645,-1.6992374226795182,-0.527269300586234,-1.3254490988265404,0.3902532137601687
indians,2014,293.5325,-2.5996014069992253,-4.1026715619263365,-8.244388352927391,-0.48459337185217494
indians,2015,301.4789473684211,-0.5694209249140203,0.820612265281662,1.7043318018377946,2.7306800726155567
indians,2016,330.0657142857143,0.48328904200895056,2.544163275812567,2.6161226449652,6.852333070179083
indians,2017,311.35675675675674,3.343900279509036,1.4826399364827312,0.3033247320365224,5.220227512639592
indians,2018,364.14375,1.8794346326141804,3.1552979378483528,3.936987060815159,6.246319359578178
indians,2019,328.48285714285714,5.219528742530596,2.7453154666640156,4.20515323518594,5.509596437517395
mariners,1998,237.2625,NA,NA,NA,NA
mariners,1999,243.91914893617022,NA,NA,NA,NA
mariners,2000,303.3921052631579,NA,NA,NA,NA
mariners,2001,334.77714285714285,NA,NA,NA,NA
mariners,2002,339.94117647058823,NA,2.4142372646733112,3.3773631545641507,1.1557424481546084
mariners,2003,371.758064516129,3.8202958913618814,8.71337308516549,9.695821096912452,4.30241755189891
mariners,2004,307.08684210526314,3.2352668969004137,4.593073894134702,4.9569065156917285,0.9811263318112633
mariners,2005,278.4609756097561,0.18618889540943684,2.2153897741832163,1.8673296364509928,-0.877455748181576
mariners,2006,340.26176470588234,5.004460233902964,5.8824910835136395,5.632688184791092,6.55787864957194
mariners,2007,370.02258064516127,-3.3858352149389317,-4.602517114585513,-6.949084730899923,-0.44293983903139894
mariners,2008,302.1078947368421,1.4603792649889809,-1.063878099790858,-1.368888556916642,-0.7365619120618772
mariners,2009,297.8333333333333,5.9281219060737795,7.607399645808737,10.592700708382527,0.3441154995936025
mariners,2010,348.41515151515154,0.630804421753916,2.2319557503652683,1.7133762709842857,-2.4912833502665235
mariners,2011,301.46315789473687,0.9141817102552466,2.119688126664871,1.4695319904622237,-0.5465444031622757
mariners,2012,415.9321428571429,1.9010827659044658,2.600443589542279,2.4003277851927454,2.6715753895193872
mariners,2013,334.71714285714285,-5.238341968911917,-2.1412875092675696,-4.104785967924455,-0.2965652399552045
mariners,2014,322.53055555555557,2.6608676180551365,0.5470959583387268,-1.4180306485178586,6.604837487427493
mariners,2015,285.32682926829267,-1.636933255829857,-0.07017231947483583,-1.9580865114098154,2.83659577378103
mariners,2016,364.096875,0.5433220897597651,-0.7416316058508965,-2.4637543252595155,-0.771957650160666
mariners,2017,287.96750000000003,1.3653103214772497,1.0342710464123288,0.3296953508231882,3.057993277591044
mariners,2018,275.8309523809524,-2.610691503595197,-0.9173718474320091,-9.055458523911602,3.2202154398563736
mariners,2019,225.65882352941176,-4.478668126444571,-1.9996632628734903,-4.108504847425302,1.2654691562278422
marlins,1998,340.86470588235295,NA,NA,NA,NA
marlins,1999,337.63235294117646,NA,NA,NA,NA
marlins,2000,346.43030303030304,NA,NA,NA,NA
marlins,2001,396.44827586206895,NA,NA,NA,NA
marlins,2002,352.90909090909093,NA,-3.7942758133233854,-3.6823336540160603,-3.7784746647614855
marlins,2003,398.52758620689656,-0.4679726233635886,2.220171266402318,1.032570281521621,4.629847563930385
marlins,2004,371.2193548387097,1.6166426250021726,-1.2923059349391601,-0.9127449714427613,3.702640360390423
marlins,2005,349.4939393939394,-5.732921193413854,-2.9797880986362193,-4.804354979384713,-0.4011876187965649
marlins,2006,382.04333333333335,-3.0209313079668103,-2.904503138127501,-3.702701084624672,0.5336804343881295
marlins,2007,384.7366666666667,-7.980332868368841,-5.77426220091903,-6.530500316906988,-5.130294125800461
marlins,2008,358.64375,-1.0614729100953242,-0.8385291217165227,0.8609927382482145,-2.3616996653653097
marlins,2009,413.0964285714286,-4.339863573880191,-3.3952483545154464,-2.5499703516296717,-1.7560125050144553
marlins,2010,310.8081081081081,-3.0752180453743074,-2.063640790205899,-2.394457031560538,-3.750202468586059
marlins,2011,299.2692307692308,-3.5598337831469817,-0.5611098596515285,-2.4009128037374032,-1.2058638040006036
marlins,2012,329.0885714285714,-2.93965150502253,-0.39272323067914544,-3.3390327414920753,0.9366452724292186
marlins,2013,284.7073170731707,-0.035260858391159104,0.8042703057495814,2.6871410797731126,1.7617432550998025
marlins,2014,364.16875,-0.4441707999382154,1.3141769743101808,1.0541487243371555,-4.097114724381335
marlins,2015,308.4081081081081,3.3569243981737076,2.670500912756525,1.9221087684808122,3.1679099768632124
marlins,2016,318.7527777777778,-0.6896061907957228,2.955681852143334,4.54674490192367,3.4536021085513475
marlins,2017,339.27941176470586,0.6948983572450259,2.4911540215301042,3.188158442536825,4.538204164296911
marlins,2018,288.19,-1.074508136992956,0.12327275614621894,0.9184212877035915,2.7061311721113546
marlins,2019,240.52291666666667,0.3181869364492296,0.40999910446870125,-0.7548194509398103,2.4260823770718996
mets,1998,237.86938775510205,NA,NA,NA,NA
mets,1999,284.0853658536585,NA,NA,NA,NA
mets,2000,231.832,NA,NA,NA,NA
mets,2001,339.9235294117647,NA,NA,NA,NA
mets,2002,303.5657894736842,NA,1.751840068191054,2.351690404686153,2.7903337217043935
mets,2003,297.32894736842104,-3.318812231712174,-3.1446126428983687,-3.1746595247015463,-2.267833118547576
mets,2004,275.78333333333336,-1.945082837631336,-1.0163540011644774,-2.40485725281991,-1.0875531914893617
mets,2005,370.3516129032258,-1.6580146155789177,-1.5889445235274793,-1.4573230337358274,0.26722506376040023
mets,2006,315.85675675675674,1.7847638768856904,2.11589160941812,3.319940109212612,1.9753870371637807
mets,2007,322.63055555555553,3.4339500805014334,1.8420097841386707,2.7989546523874678,4.79636043035638
mets,2008,334.57142857142856,1.0789325362937658,2.9807152827260395,4.188250739392283,1.8794611874641383
mets,2009,265.13953488372096,-0.7292518200157881,-2.556289040175662,-4.43502812396603,-3.3982945932289033
mets,2010,297.87179487179486,2.589067745545321,1.2869092985928532,1.5264029620001376,-1.334700033054209
mets,2011,304.6763157894737,-4.247544849149659,-4.692789714827395,-7.55373745951497,-2.468886401017263
mets,2012,337.16470588235296,-0.6097299277713809,-1.566977059509686,-3.0995643201100673,1.7761510655817783
mets,2013,302.7564102564103,-0.9875333474486555,0.5514212937404965,0.24762568885531372,-1.167717762480351
mets,2014,334.42571428571426,2.0208032533383453,-0.6471286490288793,-0.25865215522294704,0.8514579032985663
mets,2015,299.83076923076925,0.5165050370294355,0.47164127999686944,-0.07317915456030673,0.9197969404230865
mets,2016,262.9,-0.547641688855078,0.6441972939826721,0.48339201645764923,3.27823675072973
mets,2017,254.84444444444446,-1.6499302406696894,0.16945362007883835,-0.6914794670924604,0.2754255734777028
mets,2018,248.44042553191488,-4.105843260510247,-2.109101055393472,-5.070061287227585,-0.8562493147681174
mets,2019,324.55,-4.633347027508174,-0.8126727637306207,-2.28019660585905,-0.17680562022404217
nationals,2005,291.425,1.2252123187784167,3.818152494681216,4.9913644518956435,3.7057748006204445
nationals,2006,255.2288888888889,-0.9677674941011555,0.6040941321754368,-2.027418037684739,-0.6542783914418239
nationals,2007,373.14516129032256,1.0069937324400262,3.7824043240679437,0.9149425400934771,3.648225351333407
nationals,2008,254.8088888888889,0.38072978441359107,0.02252093301435416,0.21902113237639492,1.056062234005442
nationals,2009,277.73658536585367,-1.298651117043698,-2.3187849575739317,-3.8367133604458505,0.775833918786005
nationals,2010,358.596875,-0.5469581964427326,-0.5256646247323074,0.4382080780915379,4.130229218370933
nationals,2011,351.1484848484848,1.1439518808412223,-0.7526140792264813,-1.4081022149869273,3.860011323933548
nationals,2012,317.3135135135135,0.6522835289508202,0.8967218226821807,-0.16756417002865,1.724829306185862
nationals,2013,372.90967741935486,0.8235670663137316,-1.284636678200692,-2.1620662382600093,-1.833245678380136
nationals,2014,345.86764705882354,1.8760916705642248,0.4258268298134956,0.47131777671950464,2.1722106580683787
nationals,2015,382.3833333333333,-0.12101294512487493,-1.9273514493836754,-2.9168674578737055,0.20416201740682868
nationals,2016,432.3037037037037,0.9043710697212178,0.5679273916406395,-0.0032603268159429747,2.959366989705701
nationals,2017,330.44,-0.6379200027668736,1.332876427624156,0.8413145028799905,0.8727621076512331
nationals,2018,304.2921052631579,-2.626709100500731,-0.8470091470951794,-1.5451431396786155,3.4146059641596898
nationals,2019,311.1,1.887122416534181,0.5015662267451105,0.2610629670853874,0.9634102945469204
orioles,1998,336.66764705882355,NA,NA,NA,NA
orioles,1999,337.6058823529412,NA,NA,NA,NA
orioles,2000,309.7648648648649,NA,NA,NA,NA
orioles,2001,327.21714285714285,NA,NA,NA,NA
orioles,2002,313.5189189189189,NA,1.4576382454411039,2.9705007392804337,1.0642063010372989
orioles,2003,351.25757575757575,0.22951300521934168,0.35193825212073376,0.06985302821069227,3.011708030809154
orioles,2004,314.4837837837838,-2.604499866791567,-1.16547811993517,-0.9228603703157997,0.6107638793411607
orioles,2005,317.1361111111111,2.2060804596694377,0.4267704389286216,0.899293827754072,2.4405042535002033
orioles,2006,290.93333333333334,0.3050835507297468,0.8268490997571812,0.4750168764042683,2.210663470351829
orioles,2007,295.0153846153846,-0.224847031010986,0.44469299292133946,0.45083611707627425,0.7688819357530247
orioles,2008,334.4852941176471,2.663372169707628,3.18808647931492,1.221088127688658,-0.2709210378208014
orioles,2009,326.50857142857143,-0.5368137349271075,-1.6022513377006549,-3.42662799419913,2.671134944414886
orioles,2010,319.09444444444443,-0.24919476992182749,-1.1514146438519697,-1.1396945881416634,5.021245717150895
orioles,2011,304.38947368421054,1.5476190476190477,-3.8553564722392424,-7.278402150495128,4.172759212127918
orioles,2012,289.29756097560977,1.108361717195562,-0.128383235841147,-2.0035183918125834,6.258413036733262
orioles,2013,374.9,2.0640428845541607,4.331063863280828,4.9495183935300435,7.062650751693375
orioles,2014,324.53333333333336,4.70671562585593,4.240773899997058,5.916890083057944,6.1936901647651785
orioles,2015,273.1142857142857,3.166596924364473,2.0976970470360694,1.6869828325324507,4.163497266235216
orioles,2016,369.5258064516129,1.2360130245388599,-0.4407584830339321,-2.05437125748503,2.6754682720377696
orioles,2017,329.2914285714286,0.46847777045083816,-2.4217032721642733,-3.8877390605305724,0.5576794935865403
orioles,2018,248.70217391304348,-4.869041895754482,-3.4236076076076074,-7.769261261261261,-1.7078514996853806
orioles,2019,311.84864864864863,-4.953217083824447,-1.8699963330393157,-3.6277152852796304,-0.7311222650508861
padres,1998,323.075,NA,NA,NA,NA
padres,1999,276.9219512195122,NA,NA,NA,NA
padres,2000,248.1936170212766,NA,NA,NA,NA
padres,2001,287.9525,NA,NA,NA,NA
padres,2002,267.0348837209302,NA,-1.135683424589348,-3.085293180686909,-1.0624555829605786
padres,2003,293.46923076923076,1.3455829030256963,4.036117717597682,4.5071300089937045,2.139059747812229
padres,2004,329.25142857142856,0.22525555806244468,-0.5659758940528743,-2.2053965577104315,0.6169975840715338
padres,2005,247.5723404255319,-2.4449161646284345,-1.3907294788033602,-1.5640339932210054,1.0078457794216729
padres,2006,354.6939393939394,3.3978931900315255,3.0789943053615554,4.486572179298085,2.4114538047193284
padres,2007,359.6787878787879,-1.2260855645609718,-4.445180485080735,-5.5032399695741345,-2.6493974279474806
padres,2008,306.82105263157894,0.342870865925621,-1.260935064935065,-3.2421984807645186,-1.6637182108889281
padres,2009,305.2315789473684,0.9869986550332793,0.7672028068515563,-1.3079711430429897,0.7765449128227765
padres,2010,332.70285714285717,4.2354052522199135,4.4320411889429865,6.754087482330768,5.890311941734232
padres,2011,282.63170731707316,0.17368979711595703,0.9487284708110563,3.4495314380413125,0.03964129399257186
padres,2012,294.1230769230769,-0.5567963873487466,-0.23435277453591488,-2.1106333103909187,0.6517197612140149
padres,2013,276.9761904761905,0.9159632081148457,0.2045475090891224,-2.59009727817628,1.3095413601045176
padres,2014,250.04565217391306,2.160779335947349,-0.11746705360869822,-0.7522043769504461,4.247677669740851
padres,2015,303.08684210526314,-0.16615873512021045,-1.7303140108608246,-3.614938101241947,3.8260374841963407
padres,2016,230.21800000000002,1.6602611437854555,-0.5491985460612562,-2.8062666348865846,0.7545132325141777
padres,2017,265.9697674418605,1.138274152509028,-1.8185701290522505,-3.9182982296550275,-1.3769331934242741
padres,2018,314.87567567567567,2.785406509647738,-1.710025517715183,-3.6875080969673175,-1.1272059328435078
padres,2019,301.38157894736844,1.7367474350578476,0.6309392320367503,0.07929794777050968,1.8383608526806918
phillies,1998,433.27407407407406,NA,NA,NA,NA
phillies,1999,410.73571428571427,NA,NA,NA,NA
phillies,2000,371.0806451612903,NA,NA,NA,NA
phillies,2001,385.26666666666665,NA,NA,NA,NA
phillies,2002,386.40666666666664,NA,-0.22304741808572506,-0.8211611465533388,3.093239755427656
phillies,2003,444.0346153846154,2.2162426699235156,3.7760743241236625,4.14232653909738,2.364762379942622
phillies,2004,467.848,1.1125493750106874,0.6331835059605236,2.2269728356458867,4.645204935974608
phillies,2005,358.640625,6.6618045571385,3.911843389573912,7.599071731638811,7.102835949917738
phillies,2006,353.8363636363636,0.22965589298254607,-0.6927154910827901,-0.5973718212251131,0.866931108188096
phillies,2007,416.475,3.7566394827334864,2.2811416362014723,3.74115986631252,4.096770210197026
phillies,2008,373.96451612903223,6.6907848769505485,6.603507993333137,9.13630679408661,9.255298095500965
phillies,2009,401.4103448275862,2.0507263184118067,3.771178279796005,3.063437067025657,7.034585515373936
phillies,2010,352.9939393939394,-0.17882528672481293,-0.5645461948257087,-1.0413354655783063,2.401789712245038
phillies,2011,381.0032258064516,-4.195959732793728,-0.04165658481818802,-0.6677548610640626,2.1056568502614397
phillies,2012,305.32894736842104,0.1440465416936006,1.461041557904276,2.2083657568384867,4.273775736764442
phillies,2013,273.4428571428571,-4.806941469446041,-2.7066628174370106,-4.954556857435817,-0.07411096098396737
phillies,2014,293.48,-1.5558044841215752,-2.410293215436902,-3.5462250094946883,-0.20528927422433063
phillies,2015,328.0914285714286,-3.4512679392503833,-0.3473491937089388,-2.0167131196496118,-1.5680203965058443
phillies,2016,359.053125,-0.4630495139124607,3.642380687130722,3.1097509300336204,5.81829044117647
phillies,2017,274.3095238095238,-2.193195035153199,0.11775112681929187,-0.2362994658777277,-0.35765336592547337
phillies,2018,281.88780487804877,-7.214278297887068,-4.383297130330809,-6.813509366281387,0.42950908184738074
phillies,2019,314.0918918918919,2.3393825184573287,1.7516012239155458,2.5213112818646017,4.180309475626042
pirates,1998,351.06060606060606,NA,NA,NA,NA
pirates,1999,301.5578947368421,NA,NA,NA,NA
pirates,2000,321.84444444444443,NA,NA,NA,NA
pirates,2001,213.60566037735848,NA,NA,NA,NA
pirates,2002,352.91875,NA,-0.2757622383285419,1.2386656274041383,2.9704499730809557
pirates,2003,372.53548387096777,0.5978906534125349,0.2596041367707458,-0.58918105794448,4.37200914507413
pirates,2004,346.03333333333336,-0.5092345281151753,-1.5964888399559605,-5.44194775297768,3.6910987502101666
pirates,2005,318.9166666666667,2.5982754115495164,-0.6373052610621672,-2.012446369020955,4.171225507957301
pirates,2006,370.18709677419355,-1.6475714111434498,-2.856206742020614,-7.638990190708559,0.6935926932998675
pirates,2007,312.8324324324324,-1.6437778622524801,-2.7673572571247997,-2.09490450891711,1.5255162690404447
pirates,2008,387.81333333333333,-3.038472117169772,-2.8313950517813975,-3.1141470316583804,-7.561163833415855
pirates,2009,333.5470588235294,3.1817452339382397,2.5773915234591542,3.8241596532782345,-0.3419825895565552
pirates,2010,313.5416666666667,-5.481700996677741,-4.153018843089011,-7.284101333495338,-5.156622680821511
pirates,2011,275.9357142857143,-1.5270206138420785,-0.8429174558080808,-2.5741861979166667,-1.5345755036105322
pirates,2012,301.59473684210525,-2.1851910022162886,-1.1049530162470915,-1.9340130416113281,-2.496939701509208
pirates,2013,317.88108108108105,3.41727316011427,-0.6696456161148954,-2.3423599032173428,3.1961117233310197
pirates,2014,323.48055555555555,0.4470558937940629,-2.1544562816043986,-8.61198193333006,2.721470386148138
pirates,2015,340.2685714285714,2.4516600332510454,0.3511904530712912,-1.8959441089080076,3.197475310715485
pirates,2016,282.88048780487804,-1.6102637500969985,-1.940112197815199,-3.82509267657846,1.09680165574336
pirates,2017,261.72727272727275,-1.9540291767974993,-0.17923269724294266,-0.19707118820087272,-0.4202089817696752
pirates,2018,301.6921052631579,-2.198625297663181,-0.11346863468634688,-0.2545955919018651,-1.5652406342471106
pirates,2019,274.0357142857143,-5.354124853381989,-3.758489029271829,-8.263094847879852,-2.8860753861768838
rangers,1998,440.2307692307692,NA,NA,NA,NA
rangers,1999,441.79615384615386,NA,NA,NA,NA
rangers,2000,317.4194444444444,NA,NA,NA,NA
rangers,2001,319.5,NA,NA,NA,NA
rangers,2002,261.56136363636364,NA,1.3632012086033474,-1.0679153580089848,4.8751914816719735
rangers,2003,301.5763157894737,5.191947573713557,2.5890852515259106,2.4427873299557183,7.734878688890751
rangers,2004,359.75625,-3.2153020274143955,1.1358770971905097,2.637888414573613,-0.7250361311839909
rangers,2005,359.9125,-6.154586184141979,-4.799629846480564,-4.167442368188629,-8.243520897865071
rangers,2006,286.1675,0.6453038867097068,-1.3453312831982105,-1.0338152482127878,-0.5182524706112579
rangers,2007,278.8707317073171,-0.10636976656725292,-1.8475740094580138,-1.1547824956759078,-1.0019507962719358
rangers,2008,295.74102564102566,-2.5305750873512,-2.7926022835394857,-6.134633682207421,-3.8925547262991422
rangers,2009,382.4066666666667,2.0506528826205956,2.2958550926848713,3.529984054215667,4.9413678646639605
rangers,2010,306.2631578947368,0.36752019247293377,2.637031507818025,3.6437445980985306,1.1468721643248
rangers,2011,360.209375,2.225459151361621,4.064541011074428,4.33847396964199,6.634077281812124
rangers,2012,339.2323529411765,0.3349344107370446,1.1355762369172218,1.8802539248334917,2.469737371495165
rangers,2013,316.23243243243246,2.239509085004188,3.062084738308166,4.277165615989835,1.4701040655298316
rangers,2014,247.95652173913044,-1.1748378046642118,1.2316217218330678,1.1541582739580514,3.166842489198137
rangers,2015,303.5657894736842,-2.228520653634433,1.1538151377055677,2.7286170001981374,3.078138870395029
rangers,2016,339.4676470588235,-1.2072622358537155,0.4575144365534522,1.261251597183015,0.1745855051569257
rangers,2017,301.86052631578946,0.07977717140191969,-1.0682721240260646,-1.5127373811848632,0.560675332645262
rangers,2018,326.9257142857143,0.8781374536810461,2.134624566730929,2.1472315729540212,0.5606239861274265
rangers,2019,383.23333333333335,-2.4951813516569543,-0.5967546022026957,-1.526171921593575,1.2130645363321315
rays,2008,315.01351351351354,2.783921753678521,6.279359179310141,10.268663142512478,1.9721768492718215
rays,2009,393.56206896551726,6.099892230993664,5.777743618502088,6.526401225728277,3.72537748678621
rays,2010,322.9138888888889,1.267400149678707,3.4258068956025047,4.813822664844617,-0.6857569501789159
rays,2011,373.7548387096774,3.5669837050334876,4.0253038674033155,8.59054952644041,2.429989780134792
rays,2012,253.72826086956522,1.9263162404146854,0.8579927725710257,1.350025952150111,2.475602500479807
rays,2013,334.50857142857143,2.4784075573549256,1.1405195058835018,1.6319564474390897,5.135260115606936
rays,2014,377.5548387096774,-1.7816339433707553,0.16411860292102298,0.07120971846979171,1.1032520880893475
rays,2015,290.4975,3.106429487344985,2.695471283482805,1.1659450416740904,2.8969019786029993
rays,2016,253.45111111111112,0.6332494542011171,0.20417863960614893,-1.4836401085099968,0.4322803719964653
rays,2017,304.11842105263156,4.2525851252541855,1.620633420230443,2.7745169250363175,0.795582106909967
rays,2018,246.39574468085107,2.5703158730981124,0.9421712332826296,1.3797554374666636,0.7414925950486295
rays,2019,256.30434782608694,2.794732824427481,0.6728133121290873,-0.07637407393041393,1.9312784179594717
red_sox,1998,318.975,NA,NA,NA,NA
red_sox,1999,310.52972972972975,NA,NA,NA,NA
red_sox,2000,276.5261904761905,NA,NA,NA,NA
red_sox,2001,330.83142857142855,NA,NA,NA,NA
red_sox,2002,350.46060606060604,NA,-1.24370904130712,-1.77902321857486,0.7138325101343407
red_sox,2003,308.2342105263158,-1.2579378292310186,-4.064819354775696,-5.845188166004123,-2.0461849474115557
red_sox,2004,322.36944444444447,-2.262354269170121,-4.151080759042434,-6.198237304158585,1.0778634163828642
red_sox,2005,293.0205128205128,-3.0513047130681326,-2.4776653198383807,-1.5188582629915595,2.055950547450365
red_sox,2006,339.0205882352941,-1.150572149878109,-0.7992474418973582,-2.5439686285396994,3.0518529313790808
red_sox,2007,460.224,1.8778681685440133,3.5384915668395016,3.3063372866877243,4.118614935335836
red_sox,2008,340.1764705882353,2.9842815147847137,5.51733119892489,7.823666241761282,4.091518999598843
red_sox,2009,261.06363636363636,0.005885015844273281,0.8813823113536335,0.9385637185589386,1.9521588946459412
red_sox,2010,247.81914893617022,2.063807684052372,0.2543138987043583,-1.9420720455437772,3.021627561953953
red_sox,2011,284.2268292682927,4.61358585121811,6.216790433494541,5.817486928457216,5.047369794169744
red_sox,2012,235.47755102040816,4.4815832351105875,3.137144938818692,3.4221530231351176,5.798720099840533
red_sox,2013,322.9944444444444,4.14236570976453,3.627028355684902,2.4559513509261808,4.3449416556583005
red_sox,2014,239.15918367346939,3.7195105300884057,4.001881095917266,5.908127236190756,3.897314785742563
red_sox,2015,304.7894736842105,-0.19481954757382153,-0.9152193879062602,-1.0398443595137223,0.41618847646806895
red_sox,2016,280.78536585365856,5.166075988950852,4.565096785086456,4.160319604318333,2.6443067002070797
red_sox,2017,296.3325,7.450524326558849,3.956894788631847,3.399425032317814,4.006356149588227
red_sox,2018,315.2675675675676,-1.0199573078208986,3.174956039961885,3.590594025364205,3.0939165740778845
red_sox,2019,267.3590909090909,-1.5016831296009794,1.9791226739777168,1.162912947947656,4.897995348773953
reds,1998,288.08,NA,NA,NA,NA
reds,1999,449.71153846153845,NA,NA,NA,NA
reds,2000,342.50882352941176,NA,NA,NA,NA
reds,2001,274.62142857142857,NA,NA,NA,NA
reds,2002,341.86764705882354,NA,1.874895969622146,0.4328106401188358,1.5643387059034037
reds,2003,240.87083333333334,0.7477122939334705,-0.8481321441284657,-0.9675809832693902,0.10538640389725411
reds,2004,295.96923076923076,0.5862875558789895,-0.23671729573448458,-1.9601310943007644,2.3300989851938114
reds,2005,301.5184210526316,-2.8744774256613455,-4.169851576994434,-5.592195822610569,0.7463146575801586
reds,2006,312.4,-3.927068553829118,-2.391689246652558,-1.2987846363798186,-0.2992122604939639
reds,2007,275.9547619047619,-4.1846748518131855,-3.7740565758585998,-4.175916793245615,2.8201968743096972
reds,2008,262.0568181818182,-1.5894453839816143,-2.157868910961756,-4.761978825908524,4.11832641674416
reds,2009,315.15135135135137,1.473174622232132,3.292840268587953,5.982706464735578,4.216592340518957
reds,2010,352.0939393939394,2.4078112762606394,3.4724817129675274,4.795776730613775,5.341424086365015
reds,2011,335.32,2.7851348818186463,2.976344054580897,4.93879044834308,5.880848308019524
reds,2012,387.28,4.1966191558218,1.695013820442451,1.411497034260926,7.192409927280741
reds,2013,491.06666666666666,0.676885351615531,3.043284783367597,3.4069392188045464,3.57784686396959
reds,2014,330.3342857142857,2.8303277199719763,3.753852166256072,4.485729126472945,5.783385697083777
reds,2015,322.8333333333333,-0.05130786439511279,-0.006336608345872827,-0.7385999075521987,-0.628088820363156
reds,2016,311.63243243243244,-0.4578332061333518,0.30304911303037224,0.5178960624299697,-0.831495177964338
reds,2017,381.14666666666665,5.468253690617785,2.843808038704131,1.6773572835137593,1.7826558455187853
reds,2018,225.9294117647059,0.4579254322016246,0.016415300546448054,-0.814823646299056,-0.9929445254460877
reds,2019,249.87391304347827,2.539941883732665,0.28890524452224425,-0.08740041574251817,2.332929138243074
rockies,1998,301.4973684210526,NA,NA,NA,NA
rockies,1999,278.6585365853659,NA,NA,NA,NA
rockies,2000,309.0567567567568,NA,NA,NA,NA
rockies,2001,309.03783783783786,NA,NA,NA,NA
rockies,2002,325.8885714285714,NA,1.2780790077444821,-0.011688858164767741,-0.3948766869616452
rockies,2003,241.59787234042554,-0.19129730253366323,-0.44575675838885637,-0.2786368485678054,-0.5889255266680757
rockies,2004,327.9428571428571,-0.2841958529360514,-1.5235479791693636,-4.098148941042926,-0.8617164522379114
rockies,2005,315.1166666666667,0.3258405176213396,-0.10382530727382629,-0.9991920209550674,0.6133363427330051
rockies,2006,275.52142857142854,2.0696860498275997,-0.6534007825159068,-1.8281883571118043,1.88791482300885
rockies,2007,346.2294117647059,1.4265532883671146,0.3580002913611425,-0.19481571407759896,4.7179280160930785
rockies,2008,330.3542857142857,-3.006953573652529,-5.275190779328615,-8.26400399351548,-2.275303772592654
rockies,2009,383.4,1.0830638149886975,-1.991827792460704,-2.7388023369036025,2.9654309997078907
rockies,2010,349.469696969697,2.0611922826793845,-1.5418038554933347,-4.1444343128995484,1.9154802369622217
rockies,2011,263.0318181818182,1.3551506039711751,0.3120699022987936,-1.4300858466614637,1.9388472598573245
rockies,2012,284.26,-6.7266938718075,-1.3374630259371794,-1.875878825683643,-3.5943862759998875
rockies,2013,287.0775,-0.0296871053983682,0.9635868698149329,-0.553363313656669,2.258796231779035
rockies,2014,266.053488372093,1.3737052350025787,-0.02860125886701959,-1.1925816764911579,1.0641746160516965
rockies,2015,335.47058823529414,-0.9557688935647907,-0.6104734706147603,-2.4995881557192243,0.46818251953262
rockies,2016,300.7342105263158,1.8789016354710837,0.07644182209110449,-1.164729236461823,0.8995757075042358
rockies,2017,310.67027027027024,2.150668128197098,1.7817156160458456,1.0690504616364214,2.8175325760106915
rockies,2018,331.8485714285714,-1.7211120390539572,0.42969199259521834,0.3662560557721848,3.928258354224634
rockies,2019,340.69117647058823,0.388923900375534,-0.5578872960949084,-0.5338091942659415,3.7583845611902365
royals,1998,255.21333333333334,NA,NA,NA,NA
royals,1999,283.9875,NA,NA,NA,NA
royals,2000,383.69,NA,NA,NA,NA
royals,2001,303.0105263157895,NA,NA,NA,NA
royals,2002,261.825,NA,-0.8646915221943257,-2.2967738094056704,-0.8381073422785231
royals,2003,310.92432432432435,-2.5888892752212236,-2.1645692995529062,-5.3710948832588175,0.48715213551590314
royals,2004,227.174,-1.3329958533987163,-1.0292143540188232,-4.14183904574966,1.5890873491005904
royals,2005,313.90555555555557,-7.763614321363467,-4.859217820580261,-9.050295391089708,-3.4820206740300197
royals,2006,308.25135135135133,2.658790211568306,4.5113447315147015,6.52092361347738,3.9609154929577466
royals,2007,294.7,3.4447634708917376,6.393171056819991,9.196681521566132,7.367292243863728
royals,2008,350.330303030303,-4.751351538375039,-0.8901578890130206,-1.462349847252019,1.5827425850829726
royals,2009,316.7916666666667,-6.384900697093253,-2.690897794346071,-6.906997765284752,-6.216375089437283
royals,2010,328.2742857142857,-6.745822308870631,-3.8959106105229644,-6.852403884422512,-3.874074641414844
royals,2011,429.85185185185185,1.6334482164397726,1.0183307731694826,-0.24815766670605374,0.72799101111203
royals,2012,400.18275862068964,2.513808346186656,0.10302021684113073,-2.4610296507104947,-1.474550167523819
royals,2013,351.0121212121212,5.716464941208972,6.084044905933573,7.86015887655827,4.453918616536368
royals,2014,341.22352941176473,4.206299131154323,5.630525838800559,5.925431960123728,3.0390125499931044
royals,2015,387.0366666666667,3.7352102729284904,3.7797622564951054,4.658414583702654,2.546008102298407
royals,2016,371.47741935483873,1.2868059535594578,1.1258752295399277,2.541154399722071,-2.2656658144834103
royals,2017,383.23,-2.953448320851708,0.670849031283239,0.4243764724594174,-1.5621505017187873
royals,2018,279.2439024390244,-0.4200716219757185,2.203622588019206,4.154677221318266,0.9914606364690919
royals,2019,292.1461538461539,0.9417836172621713,1.161747882631558,2.3382169951430978,1.5509493315357827
tigers,1998,296.6,NA,NA,NA,NA
tigers,1999,378.86333333333334,NA,NA,NA,NA
tigers,2000,281.4951219512195,NA,NA,NA,NA
tigers,2001,408.1892857142857,NA,NA,NA,NA
tigers,2002,256.96363636363634,NA,-2.6566324003598467,-7.0628761460007485,0.3690539871223378
tigers,2003,294.9974358974359,-1.3364218724195778,-3.2561396189681546,-4.930248127619843,-1.7954327357690218
tigers,2004,328.88,-1.9493866629600032,-1.9145701348479736,-2.7467420014696247,-1.558202190958127
tigers,2005,310.2756756756757,2.8484869601574885,1.5993019318860784,1.346072495518821,4.676780064945019
tigers,2006,386.06333333333333,3.7015429247360108,4.2028781238896125,3.9753217655651625,8.738783742712679
tigers,2007,385.77666666666664,3.9349450891275612,4.287781058369294,4.467099507252961,3.8931823523718667
tigers,2008,339.8764705882353,-2.374002665328234,-4.0779790747809574,-7.105201637625838,-2.325713494426366
tigers,2009,350.6606060606061,3.6039337008935517,3.432909716183097,3.664967586370464,2.315856862365532
tigers,2010,349.95757575757574,1.183736556812081,0.748533428333927,3.335654910343189,-2.8004170303559306
tigers,2011,348.96363636363634,2.6639486618385178,0.7133435247870713,-0.65500903333399485,-0.029161283152030436
tigers,2012,317.8027777777778,-1.2514749713746296,0.233603125593293,-2.149591814302987,2.135309746888547
tigers,2013,365.41875,-4.189525715360802,-0.9874034607488514,-0.7099550298171864,-1.2907501163077093
tigers,2014,352.3575757575758,-3.4402896506647864,-1.380092168621311,-2.154798971965378,1.2128480011009426
tigers,2015,340.2852941176471,0.0318417936506565,1.3017424975798644,1.2933638896023079,-0.0630862643670213
tigers,2016,317.275,-2.0703122948020907,-0.05226890588093985,-1.40094379278594,3.251266930931604
tigers,2017,366.38709677419354,-1.9387568233843988,1.1831383005483724,0.394377421140011,1.8920601825763552
tigers,2018,325.65714285714284,-0.25153535708018937,1.1567762187966986,-0.25475634095217087,2.69876603868939
tigers,2019,249.03478260869565,-2.988049512901987,-1.6943145616330282,-3.421035023418853,0.2282342095706344
twins,1998,340.4764705882353,NA,NA,NA,NA
twins,1999,379.44666666666666,NA,NA,NA,NA
twins,2000,318.18888888888887,NA,NA,NA,NA
twins,2001,384.2,NA,NA,NA,NA
twins,2002,320.9138888888889,NA,7.054358558326819,8.170929093661266,6.908682464717532
twins,2003,324.6333333333333,0.3456977102371906,2.9611507835579984,2.1342486255942714,2.130561754679007
twins,2004,310.6078947368421,1.0111496132372004,0.708297429442804,-0.28695454325410263,3.7555166897150136
twins,2005,316.5243243243243,2.3995935584131702,1.705489851678376,4.404907298985169,4.701209165061278
twins,2006,383.69,0.4478615549010923,1.404050404146724,4.37627946696324,3.3466928017349242
twins,2007,348.1484848484848,2.131849002080269,1.7408001273201106,2.0175552549386273,3.9052156595128333
twins,2008,306.9921052631579,-0.70272679736321,-0.6333088372184171,-1.7415101364923526,0.5829291710100397
twins,2009,400.65862068965515,-1.6554724548372939,-1.5182158035573747,-3.346892216275776,1.8972198507339373
twins,2010,313.9513513513514,-1.3778344036776227,1.0156143923964698,3.6416187018507036,5.012926332029314
twins,2011,324.7057142857143,-3.2103883076544033,-0.47305595784053434,-1.4167380722503822,-1.4382179862597138
twins,2012,280.590243902439,1.7728220997548718,-0.6473079948619397,-1.1479392991924484,-3.3279194948258595
twins,2013,322.0888888888889,-1.8926193597350627,0.4573682394123156,0.10821969136715467,1.5207126395539794
twins,2014,318.7138888888889,-2.9057496709866917,-0.6993663066438166,-3.4473436690446775,-1.5184173464407724
twins,2015,349.75454545454545,-2.4291927672220344,2.6382537495415304,3.570737219837627,-0.27476816877590343
twins,2016,320.53055555555557,-3.1501763569082506,-1.0399254249390113,-3.1448640393502454,-0.7272274756662324
twins,2017,337.75882352941176,2.4538741531548793,1.3354755553786128,1.6827165777530058,2.2913913467567752
twins,2018,235.50816326530614,0.5253165105416858,0.9774887428804311,-0.405552518314563,-1.0002495840266223
twins,2019,292.55,-0.6310887027858486,-0.8123029130766075,-4.192809135845885,-1.799830448218339
white_sox,1998,410.9142857142857,NA,NA,NA,NA
white_sox,1999,410.7607142857143,NA,NA,NA,NA
white_sox,2000,399.8586206896552,NA,NA,NA,NA
white_sox,2001,395.2896551724138,NA,NA,NA,NA
white_sox,2002,421.4740740740741,NA,-2.4375174491589253,-1.3636404720060258,0.013012851157166879
white_sox,2003,423.84444444444443,3.1573341023086736,3.6172459252157236,3.622662991371045,5.020954484455379
white_sox,2004,394.9172413793103,0.7657038576393134,3.4933087171298833,4.475432363654508,1.0678136831663798
white_sox,2005,327.8222222222222,3.263260913774403,4.334252201117752,4.226818283079725,4.004816973969631
white_sox,2006,445.7653846153846,-0.37729402324437666,0.041077328178778925,-2.1889525537727197,4.416741675410017
white_sox,2007,329.10857142857145,-4.238991908879397,-2.811374967721431,-4.310071906719902,0.191786245120782
white_sox,2008,448.3423076923077,-2.243014866731292,-1.1375991450728942,-2.3111336607939443,3.9005929748946513
white_sox,2009,397.0206896551724,-2.1483376181211784,-2.466963487998094,-3.7847866658724967,2.828326848249027
white_sox,2010,373.0967741935484,-2.650293965070033,-1.4453471138074812,-4.983949568207418,0.6500069171600916
white_sox,2011,364.86875,-0.4156117782079173,-0.44324276692612724,-0.9844764282567191,4.959531053006633
white_sox,2012,339.9852941176471,-0.10952895886500284,1.643863185067514,2.6041838760921365,4.001406578801639
white_sox,2013,323.15833333333336,-3.6781505453982826,-0.9545210517000648,-2.144024699612593,1.3433707432469606
white_sox,2014,411.4892857142857,-1.8283413038006542,-1.9580732834725336,-4.548111373420358,1.225393011887568
white_sox,2015,387.2766666666667,-1.6209858585163062,-2.0818958987122604,-2.4612025459660996,3.4550241013634486
white_sox,2016,398.90344827586205,0.7622101969191403,0.8733985378383717,-0.19027267338470633,-3.2588232853408576
white_sox,2017,307.2675675675676,-2.8140981097555615,-1.1120178280379096,-1.2998128659677648,-0.828083213692537
white_sox,2018,359.096875,-2.635761589403973,-1.1469722890847245,-3.7002844695538006,-0.3432569797396088
white_sox,2019,305.3216216216216,-3.930759765953492,-0.7044981612246344,-2.9662060441508706,-0.23352641268942093
yankees,1998,416.03214285714284,NA,NA,NA,NA
yankees,1999,371.4290322580645,NA,NA,NA,NA
yankees,2000,271.1904761904762,NA,NA,NA,NA
yankees,2001,313.6945945945946,NA,NA,NA,NA
yankees,2002,414.65714285714284,NA,-3.457114311307104,-5.311180124223602,1.7384345069937293
yankees,2003,377.1774193548387,-3.9391062646995936,-5.997461263991397,-7.707188034605798,0.46357428289905844
yankees,2004,427.6148148148148,-5.598955446230598,-6.801906620181452,-8.020278515114299,2.6151496674057646
yankees,2005,301.0763157894737,-8.992072302004214,-13.194986353684504,-17.428428324352424,-4.874809117605929
yankees,2006,288.6225,-4.664830357993573,-6.550307847640165,-10.135273796325626,-2.986442698155309
yankees,2007,297.44102564102565,-2.2674695263874756,-3.46212363206152,-3.031860396332446,0.16723267490620206
yankees,2008,288.205,-3.4132128172654883,-4.622659805467146,-5.139024559524871,1.9635635566166063
yankees,2009,341.01176470588234,-1.2936848823569997,-0.2197779771470259,-0.37048436868413037,-1.121785689643276
yankees,2010,339.25588235294117,5.496961342731065,3.1987037440786468,4.083872118605434,-3.03607246396915
yankees,2011,343,3.86243354484651,4.21383666908435,3.184033481661537,6.008315954118873
yankees,2012,350.24242424242425,0.8122252984945495,-0.08142881159821597,-0.10455898495831643,5.882760768464179
yankees,2013,214.29444444444445,0.6858165037720683,1.2335781503301568,1.6278873907714209,3.3358158185840705
yankees,2014,258.18666666666667,-1.2686772705363907,-0.23846744955863813,-0.2718109631147539,3.195426564759347
yankees,2015,306.7236842105263,-1.6801938998755952,-0.9031145499298835,-2.470891314367529,3.159090597070251
yankees,2016,308.74054054054056,-0.04560813768230131,0.8723283474499909,1.564273843134899,1.478565225916692
yankees,2017,269.40000000000003,3.264895288410076,1.844341746652447,0.16216968835170031,2.249591867740287
yankees,2018,323.51944444444445,0.5678003211210045,-0.02986180633256774,-0.6132461770998956,-0.3009506669780603
yankees,2019,339.36470588235295,0.8037422866255287,0.9288426447566533,0.4616867253636988,-0.12381566539080255
